file;result;test
-;-;freeRouter v20.8.23-rel, done by cs@nop.
-;-;2020-08-23 04:47:47, took 00:05:14, with 100 workers, on 1898 cases, 0 failed, 0 traces, 2 retries
-;-;./rtr.bin
basic.tst;success;dummy test
conn-anyconn.tst;success;ip over anyconnect
conn-atmdxi.tst;success;atmdxi encapsulation
conn-atmsar.tst;success;atmsar encapsulation
conn-ax2501.tst;success;ppp with ax25
conn-ax2502.tst;success;hdlc with ax25
conn-ax2503.tst;success;lapb with ax25
conn-ax2504.tst;success;framerelay with ax25
conn-ax2505.tst;success;atmdxi with ax25
conn-ax2506.tst;success;isdn with ax25
conn-ax2507.tst;success;sep with ax25
conn-bridge01.tst;success;chain bridged ethernet
conn-bridge02.tst;success;chain bridged ethernet vlan
conn-bridge03.tst;success;star bridged ethernet
conn-bridge04.tst;success;bridged ethernet over hdlc
conn-bridge05.tst;success;bridged ethernet over ppp
conn-bridge06.tst;success;bridged ethernet over framerelay
conn-bridge07.tst;success;bridged ethernet over atmdxi
conn-bridge08.tst;success;bridged ethernet over atmsar
conn-bridge09.tst;success;bridged ethernet over gre
conn-bridge10.tst;success;bridge with spantree
conn-bridge11.tst;success;bridged ethernet over bridge
conn-bridge12.tst;success;bridge split horizon
conn-bridge13.tst;success;bridge mac learning
conn-bridge14.tst;success;bridged mac rewrite
conn-bstun.tst;success;ppp over bstun
conn-bundle01.tst;success;bundle of ethernet port
conn-bundle02.tst;success;bundle of serial port
conn-bundle03.tst;success;bundle of ethernet ports
conn-bundle04.tst;success;bundle of serial ports
conn-bundle05.tst;success;bundle over bridge
conn-bundle06.tst;success;bridge over bundle
conn-bundle07.tst;success;replicating bundle
conn-bundle08.tst;success;unreplicating bundle
conn-bundle09.tst;success;dejittering bundle
conn-bundle10.tst;success;loadbalancing bundle
conn-bundle11.tst;success;multichassis bundle
conn-bundle12.tst;success;backup bundle
conn-dhcp.tst;success;dhcp
conn-dlsw01.tst;success;dlsw over ipv4
conn-dlsw02.tst;success;dlsw over ipv6
conn-dlsw03.tst;success;dlsw over loopback
conn-dlsw04.tst;success;hdlc tunneling with dlsw
conn-dlsw05.tst;success;ppp tunneling with dlsw
conn-dlsw06.tst;success;lapb tunneling with dlsw
conn-dlsw07.tst;success;framerelay tunneling with dlsw
conn-dlsw08.tst;success;atmdxi tunneling with dlsw
conn-dlsw09.tst;success;isdn tunneling with dlsw
conn-dlsw10.tst;success;sep tunneling with dlsw
conn-dlsw11.tst;success;ethernet tunneling with dlsw
conn-dlsw12.tst;success;vlan tunneling with dlsw
conn-dlsw13.tst;success;tunnel interface with dlsw
conn-erspan01.tst;success;erspan over ipv4
conn-erspan02.tst;success;erspan over ipv6
conn-erspan03.tst;success;erspan over loopback
conn-erspan04.tst;success;hdlc tunneling with erspan
conn-erspan05.tst;success;ppp tunneling with erspan
conn-erspan06.tst;success;lapb tunneling with erspan
conn-erspan07.tst;success;framerelay tunneling with erspan
conn-erspan08.tst;success;atmdxi tunneling with erspan
conn-erspan09.tst;success;isdn tunneling with erspan
conn-erspan10.tst;success;sep tunneling with erspan
conn-erspan11.tst;success;ethernet tunneling with erspan
conn-erspan12.tst;success;vlan tunneling with erspan
conn-erspan13.tst;success;tunnel interface with erspan
conn-eth01.tst;success;ethernet encapsulation
conn-eth02.tst;success;point2point ethernet encapsulation
conn-eth03.tst;success;ethernet dot1q encapsulation
conn-eth04.tst;success;ethernet qinq encapsulation
conn-eth05.tst;success;ethernet dot1ad encapsulation
conn-eth06.tst;success;ethernet dot1ah encapsulation
conn-eth07.tst;success;ethernet qinq1 encapsulation
conn-eth08.tst;success;ethernet qinq2 encapsulation
conn-eth09.tst;success;ethernet qinq3 encapsulation
conn-eth10.tst;success;ethernet qinqX encapsulation
conn-eth11.tst;success;ethernet qinqX custom encapsulation
conn-eth12.tst;success;ethernet isl encapsulation
conn-eth13.tst;success;proxy remote arp/nd
conn-eth14.tst;success;proxy local arp/nd
conn-eth15.tst;success;static arp/nd entry
conn-eth16.tst;success;loss detection
conn-etherip01.tst;success;etherip over ipv4
conn-etherip02.tst;success;etherip over ipv6
conn-etherip03.tst;success;etherip over loopback
conn-etherip04.tst;success;hdlc tunneling with etherip
conn-etherip05.tst;success;ppp tunneling with etherip
conn-etherip06.tst;success;lapb tunneling with etherip
conn-etherip07.tst;success;framerelay tunneling with etherip
conn-etherip08.tst;success;atmdxi tunneling with etherip
conn-etherip09.tst;success;isdn tunneling with etherip
conn-etherip10.tst;success;sep tunneling with etherip
conn-etherip11.tst;success;ethernet tunneling with etherip
conn-etherip12.tst;success;vlan tunneling with etherip
conn-etherip13.tst;success;tunnel interface with etherip
conn-etherip14.tst;success;etherip server
conn-framerelay01.tst;success;framerelay ansi
conn-framerelay02.tst;success;framerelay cisco
conn-framerelay03.tst;success;framerelay q933
conn-framerelay04.tst;success;framerelay fragmentation
conn-framerelay05.tst;success;ppp over framerelay
conn-geneve01.tst;success;geneve over ipv4
conn-geneve02.tst;success;geneve over ipv6
conn-geneve03.tst;success;geneve over loopback
conn-geneve04.tst;success;hdlc tunneling with geneve
conn-geneve05.tst;success;ppp tunneling with geneve
conn-geneve06.tst;success;lapb tunneling with geneve
conn-geneve07.tst;success;framerelay tunneling with geneve
conn-geneve08.tst;success;atmdxi tunneling with geneve
conn-geneve09.tst;success;isdn tunneling with geneve
conn-geneve10.tst;success;sep tunneling with geneve
conn-geneve11.tst;success;ethernet tunneling with geneve
conn-geneve12.tst;success;vlan tunneling with geneve
conn-geneve13.tst;success;tunnel interface with geneve
conn-geneve14.tst;success;multipoint ethernet over geneve
conn-gre01.tst;success;gre over ipv4
conn-gre02.tst;success;gre over ipv6
conn-gre03.tst;success;gre over gre
conn-gre04.tst;success;gre over loopback
conn-gre05.tst;success;ppp with gre
conn-gre06.tst;success;hdlc with gre
conn-gre07.tst;success;lapb with gre
conn-gre08.tst;success;framerelay with gre
conn-gre09.tst;success;atmdxi with gre
conn-gre10.tst;success;isdn with gre
conn-gre11.tst;success;sep with gre
conn-gre12.tst;success;gre server
conn-gtp.tst;success;ppp over gtp
conn-hairpin01.tst;success;ethernet hairpin
conn-hairpin02.tst;success;serial hairpin
conn-hairpin03.tst;success;bundle hairpin
conn-hairpin04.tst;success;bridge hairpin
conn-hsrp.tst;success;hsrp over ethernet
conn-icmp01.tst;success;icmptunnel over ipv4
conn-icmp02.tst;success;icmptunnel over ipv6
conn-icmp03.tst;success;icmptunnel over icmptunnel
conn-icmp04.tst;success;icmptunnel over loopback
conn-ipcomp01.tst;success;ipcomp over ipv4
conn-ipcomp02.tst;success;ipcomp over ipv6
conn-ipcomp03.tst;success;ipcomp over ipcomp
conn-ipcomp04.tst;success;ipcomp over loopback
conn-ipenc01.tst;success;ipenc over ipv4
conn-ipenc02.tst;success;ipenc over ipv6
conn-ipenc03.tst;success;ipenc over ipenc
conn-ipenc04.tst;success;ipenc over loopback
conn-ipip01.tst;success;ipip over ipv4
conn-ipip02.tst;success;ipip over ipv6
conn-ipip03.tst;success;ipip over ipip
conn-ipip04.tst;success;ipip over loopback
conn-iponly.tst;success;iponly
conn-isdn.tst;success;isdn
conn-l2f01.tst;success;ppp over l2f
conn-l2f02.tst;success;ppp over authenticated l2f
conn-l2tp01.tst;success;ppp over l2tp2
conn-l2tp02.tst;success;ppp over l2tp3 server
conn-l2tp03.tst;success;ppp over l2tp3
conn-l2tp04.tst;success;hdlc over l2tp3
conn-l2tp05.tst;success;lapb over l2tp3
conn-l2tp06.tst;success;framerelay over l2tp3
conn-l2tp07.tst;success;atmdxi over l2tp3
conn-l2tp08.tst;success;isdn over l2tp3
conn-l2tp09.tst;success;sep over l2tp3
conn-l2tp10.tst;success;port mode ppp over l2tp3
conn-l2tp11.tst;success;ethernet over l2tp3
conn-l2tp12.tst;success;vlan over l2tp3
conn-l2tp13.tst;success;multipoint ethernet over l2tp3
conn-l2tp14.tst;success;hdlc tunneling with l2tp3
conn-l2tp15.tst;success;ppp tunneling with l2tp3
conn-l2tp16.tst;success;lapb tunneling with l2tp3
conn-l2tp17.tst;success;framerelay tunneling with l2tp3
conn-l2tp18.tst;success;atmdxi tunneling with l2tp3
conn-l2tp19.tst;success;isdn tunneling with l2tp3
conn-l2tp20.tst;success;sep tunneling with l2tp3
conn-l2tp21.tst;success;ethernet tunneling with l2tp3
conn-l2tp22.tst;success;vlan tunneling with l2tp3
conn-l2tp23.tst;success;tunnel interface with l2tp3
conn-l2tp24.tst;success;ppp over authenticated l2tp2
conn-l2tp25.tst;success;ppp over authenticated l2tp3 server
conn-l2tp26.tst;success;ppp over authenticated l2tp3
conn-lapb01.tst;success;lapb mod8
conn-lapb02.tst;success;lapb mod128
conn-lapb03.tst;success;lapb mod32768
conn-lisp01.tst;success;lisp over ipv4
conn-lisp02.tst;success;lisp over ipv6
conn-lisp03.tst;success;lisp over lisp
conn-lisp04.tst;success;lisp over loopback
conn-lisp05.tst;success;lisp over asymmetric ports
conn-minenc01.tst;success;minenc over ipv4
conn-minenc02.tst;success;minenc over ipv6
conn-minenc03.tst;success;minenc over minenc
conn-minenc04.tst;success;minenc over loopback
conn-modem01.tst;success;modem with alaw
conn-modem02.tst;success;modem with ulaw
conn-modem03.tst;success;modem with alaw through proxy
conn-modem04.tst;success;modem with ulaw through proxy
conn-modem05.tst;success;modem with alaw through peer
conn-modem06.tst;success;modem with ulaw through peer
conn-modem07.tst;success;modem with alaw and ulaw through peer
conn-modem08.tst;success;modem through ipv4 peer
conn-modem09.tst;success;modem through ipv6 peer
conn-modem10.tst;success;modem through udp peer
conn-modem11.tst;success;modem through tcp peer
conn-mplsip01.tst;success;mplsip over ipv4
conn-mplsip02.tst;success;mplsip over ipv6
conn-mplsip03.tst;success;mplsip over mplsip
conn-mplsip04.tst;success;mplsip over loopback
conn-mplsip05.tst;success;mplsip server
conn-mplsudp01.tst;success;mplsudp over ipv4
conn-mplsudp02.tst;success;mplsudp over ipv6
conn-mplsudp03.tst;success;mplsudp over mplsudp
conn-mplsudp04.tst;success;mplsudp over loopback
conn-mplsudp05.tst;success;mplsudp server
conn-mplsudp06.tst;success;mplsudp over asymmetric ports
conn-nos01.tst;success;nos over ipv4
conn-nos02.tst;success;nos over ipv6
conn-nos03.tst;success;nos over nos
conn-nos04.tst;success;nos over loopback
conn-nvgre01.tst;success;nvgre over ipv4
conn-nvgre02.tst;success;nvgre over ipv6
conn-nvgre03.tst;success;nvgre over loopback
conn-nvgre04.tst;success;hdlc tunneling with nvgre
conn-nvgre05.tst;success;ppp tunneling with nvgre
conn-nvgre06.tst;success;lapb tunneling with nvgre
conn-nvgre07.tst;success;framerelay tunneling with nvgre
conn-nvgre08.tst;success;atmdxi tunneling with nvgre
conn-nvgre09.tst;success;isdn tunneling with nvgre
conn-nvgre10.tst;success;sep tunneling with nvgre
conn-nvgre11.tst;success;ethernet tunneling with nvgre
conn-nvgre12.tst;success;vlan tunneling with nvgre
conn-nvgre13.tst;success;tunnel interface with nvgre
conn-pckoi01.tst;success;pckoip over ipv4
conn-pckoi02.tst;success;pckoip over ipv6
conn-pckoi03.tst;success;pckoip over pckoip
conn-pckoi04.tst;success;pckoip over loopback
conn-pckou01.tst;success;ppp with packet over udp
conn-pckou02.tst;success;ethernet with packet over udp
conn-pckou03.tst;success;hdlc tunneling with packet over udp
conn-pckou04.tst;success;ppp tunneling with packet over udp
conn-pckou05.tst;success;lapb tunneling with packet over udp
conn-pckou06.tst;success;framerelay tunneling with packet over udp
conn-pckou07.tst;success;atmdxi tunneling with packet over udp
conn-pckou08.tst;success;isdn tunneling with packet over udp
conn-pckou09.tst;success;sep tunneling with packet over udp
conn-pckou10.tst;success;ethernet tunneling with packet over udp
conn-pckou11.tst;success;vlan tunneling with packet over udp
conn-pckou12.tst;success;tunnel interface with packet over udp
conn-pckou13.tst;success;ppp over packet over udp
conn-pckou14.tst;success;ethernet over packet over udp
conn-pckou15.tst;success;interworking with ethernet over packet over udp
conn-pckou16.tst;success;interworking with packet over dtls
conn-pckou17.tst;success;ppp with packet over dtls
conn-pckou18.tst;success;ppp with packet over tcp
conn-pckou19.tst;success;ppp with packet over tls
conn-pckou20.tst;success;ppp with packet over txt
conn-pckou21.tst;success;ppp with packet over txtls
conn-pckou22.tst;success;packet over udp over asymmetric ports
conn-pim01.tst;success;pim over ipv4
conn-pim02.tst;success;pim over ipv6
conn-pim03.tst;success;pim over pim
conn-pim04.tst;success;pim over loopback
conn-pipe01.tst;success;pipe over ipv4
conn-pipe02.tst;success;pipe over ipv6
conn-pipe03.tst;success;pipe over pipe
conn-pipe04.tst;success;pipe over loopback
conn-ppp01.tst;success;ppp encapsulation
conn-ppp02.tst;success;ppp with local authentication
conn-ppp03.tst;success;ppp with radius authentication
conn-ppp04.tst;success;ppp with tacacs authentication
conn-ppp05.tst;success;ppp with pap authentication
conn-ppp06.tst;success;ppp with chap authentication
conn-ppp07.tst;success;ppp with eap authentication
conn-pppoe01.tst;success;pppoe over ethernet encapsulation
conn-pppoe02.tst;success;pppoe over bridge encapsulation
conn-pppoe03.tst;success;ppp relay over pppoe
conn-pptp.tst;success;ppp over pptp
conn-raw.tst;success;raw encapsulation
conn-redun.tst;success;process redundancy
conn-sep.tst;success;sep
conn-slaac.tst;success;slaac
conn-sreth01.tst;success;sreth over ipv4
conn-sreth02.tst;success;sreth over ipv6
conn-sreth03.tst;success;sreth over loopback
conn-sreth04.tst;success;hdlc tunneling with sreth
conn-sreth05.tst;success;ppp tunneling with sreth
conn-sreth06.tst;success;lapb tunneling with sreth
conn-sreth07.tst;success;framerelay tunneling with sreth
conn-sreth08.tst;success;atmdxi tunneling with sreth
conn-sreth09.tst;success;isdn tunneling with sreth
conn-sreth10.tst;success;sep tunneling with sreth
conn-sreth11.tst;success;ethernet tunneling with sreth
conn-sreth12.tst;success;vlan tunneling with sreth
conn-sreth13.tst;success;tunnel interface with sreth
conn-ssh.tst;success;ppp over ssh
conn-sstp.tst;success;ppp over sstp
conn-stp.tst;success;spantree over ethernet
conn-stun.tst;success;ppp over stun
conn-tcp.tst;success;ppp over tcp
conn-telnet.tst;success;ppp over telnet
conn-tls.tst;success;ppp over tls
conn-tmux01.tst;success;tmux over ipv4
conn-tmux02.tst;success;tmux over ipv6
conn-tmux03.tst;success;tmux over tmux
conn-tmux04.tst;success;tmux over loopback
conn-udpgre01.tst;success;udpgre over ipv4
conn-udpgre02.tst;success;udpgre over ipv6
conn-udpgre03.tst;success;udpgre over udpgre
conn-udpgre04.tst;success;udpgre over loopback
conn-uti01.tst;success;uti over ipv4
conn-uti02.tst;success;uti over ipv6
conn-uti03.tst;success;uti over loopback
conn-uti04.tst;success;hdlc tunneling with uti
conn-uti05.tst;success;ppp tunneling with uti
conn-uti06.tst;success;lapb tunneling with uti
conn-uti07.tst;success;framerelay tunneling with uti
conn-uti08.tst;success;atmdxi tunneling with uti
conn-uti09.tst;success;isdn tunneling with uti
conn-uti10.tst;success;sep tunneling with uti
conn-uti11.tst;success;ethernet tunneling with uti
conn-uti12.tst;success;vlan tunneling with uti
conn-uti13.tst;success;tunnel interface with uti
conn-vdc01.tst;success;vdc parent interface
conn-vdc02.tst;success;vdc parent connect
conn-vdc03.tst;success;vdc peer connect
conn-vrrp.tst;success;vrrp over ethernet
conn-vxlan01.tst;success;vxlan over ipv4
conn-vxlan02.tst;success;vxlan over ipv6
conn-vxlan03.tst;success;vxlan over loopback
conn-vxlan04.tst;success;hdlc tunneling with vxlan
conn-vxlan05.tst;success;ppp tunneling with vxlan
conn-vxlan06.tst;success;lapb tunneling with vxlan
conn-vxlan07.tst;success;framerelay tunneling with vxlan
conn-vxlan08.tst;success;atmdxi tunneling with vxlan
conn-vxlan09.tst;success;isdn tunneling with vxlan
conn-vxlan10.tst;success;sep tunneling with vxlan
conn-vxlan11.tst;success;ethernet tunneling with vxlan
conn-vxlan12.tst;success;vlan tunneling with vxlan
conn-vxlan13.tst;success;tunnel interface with vxlan
conn-vxlan14.tst;success;multipoint ethernet over vxlan
conn-xconn01.tst;success;cross connect hdlc interfaces
conn-xconn02.tst;success;cross connect ppp interfaces
conn-xconn03.tst;success;cross connect lapb interfaces
conn-xconn04.tst;success;cross connect framerelay interfaces
conn-xconn05.tst;success;cross connect atmdxi interfaces
conn-xconn06.tst;success;cross connect isdn interfaces
conn-xconn07.tst;success;cross connect sep interfaces
conn-xconn08.tst;success;cross connect ethernet interfaces
conn-xconn09.tst;success;cross connect vlan subinterfaces
conn-xconn10.tst;success;cross connect vlan subinterfaces of same interface
crypt-acl01.tst;success;ingress protocol matching access list
crypt-acl02.tst;success;egress protocol matching access list
crypt-acl03.tst;success;ingress destination matching access list
crypt-acl04.tst;success;egress destination matching access list
crypt-acl05.tst;success;ingress source matching access list
crypt-acl06.tst;success;egress source matching access list
crypt-acl07.tst;success;ingress bridged access list
crypt-acl08.tst;success;egress bridged access list
crypt-acl09.tst;success;ingress ttl matching access list
crypt-acl10.tst;success;egress ttl matching access list
crypt-acl11.tst;success;ingress tos matching access list
crypt-acl12.tst;success;egress tos matching access list
crypt-acl13.tst;success;ingress dscp matching access list
crypt-acl14.tst;success;egress dscp matching access list
crypt-acl15.tst;success;ingress precedence matching access list
crypt-acl16.tst;success;egress precedence matching access list
crypt-acl17.tst;success;ingress length matching access list
crypt-acl18.tst;success;egress length matching access list
crypt-acl19.tst;success;ingress destination matching hibryd access list
crypt-acl20.tst;success;egress destination matching hibryd access list
crypt-acl21.tst;success;ingress source matching hibryd access list
crypt-acl22.tst;success;egress source matching hibryd access list
crypt-acl23.tst;success;ingress protocol matching common access list
crypt-acl24.tst;success;egress protocol matching common access list
crypt-acl25.tst;success;ingress destination matching common access list
crypt-acl26.tst;success;egress destination matching common access list
crypt-acl27.tst;success;ingress source matching common access list
crypt-acl28.tst;success;egress source matching common access list
crypt-acl29.tst;success;ingress ttl matching common access list
crypt-acl30.tst;success;egress ttl matching common access list
crypt-acl31.tst;success;ingress tos matching common access list
crypt-acl32.tst;success;egress tos matching common access list
crypt-acl33.tst;success;ingress length matching common access list
crypt-acl34.tst;success;egress length matching common access list
crypt-acl35.tst;success;ingress source port matching access list
crypt-acl36.tst;success;egress source port matching access list
crypt-acl37.tst;success;ingress destination port matching access list
crypt-acl38.tst;success;egress destination port matching access list
crypt-acl39.tst;success;ingress source port matching hibryd access list
crypt-acl40.tst;success;egress source port matching hibryd access list
crypt-acl41.tst;success;ingress destination port matching hibryd access list
crypt-acl42.tst;success;egress destination port matching hibryd access list
crypt-acl43.tst;success;ingress source port matching common access list
crypt-acl44.tst;success;egress source port matching common access list
crypt-acl45.tst;success;ingress destination port matching common access list
crypt-acl46.tst;success;egress destination port matching common access list
crypt-dtls.tst;success;dtls test
crypt-esp101.tst;success;ipv4 in esp over ipv4
crypt-esp102.tst;success;ipv4 in esp over ipv6
crypt-esp103.tst;success;ipv6 in esp over ipv4
crypt-esp104.tst;success;ipv6 in esp over ipv6
crypt-ike101.tst;success;ipv4 in ike1 over ipv4
crypt-ike102.tst;success;ipv4 in ike1 over ipv6
crypt-ike103.tst;success;ipv6 in ike1 over ipv4
crypt-ike104.tst;success;ipv6 in ike1 over ipv6
crypt-ike105.tst;success;ike1 with des
crypt-ike106.tst;success;ike1 with blowfish
crypt-ike107.tst;success;ike1 with 3des
crypt-ike108.tst;success;ike1 with aes128
crypt-ike109.tst;success;ike1 with aes192
crypt-ike110.tst;success;ike1 with aes256
crypt-ike111.tst;success;ike1 with md5
crypt-ike112.tst;success;ike1 with sha1
crypt-ike113.tst;success;ike1 with sha256
crypt-ike114.tst;success;ike1 with sha512
crypt-ike115.tst;success;ike1 with group1
crypt-ike116.tst;success;ike1 with group2
crypt-ike117.tst;success;ike1 with group5
crypt-ike118.tst;success;ike1 with group14
crypt-ike119.tst;success;ike1 with group15
crypt-ike120.tst;success;ike1 with group16
crypt-ike121.tst;success;ike1 with group17
crypt-ike122.tst;success;ike1 with group18
crypt-ike123.tst;success;ike1 with group22
crypt-ike124.tst;success;ike1 with group23
crypt-ike125.tst;success;ike1 with group24
crypt-ike126.tst;success;ike1 over ipsec
crypt-ike201.tst;success;ipv4 in ike2 over ipv4
crypt-ike202.tst;success;ipv4 in ike2 over ipv6
crypt-ike203.tst;success;ipv6 in ike2 over ipv4
crypt-ike204.tst;success;ipv6 in ike2 over ipv6
crypt-ike205.tst;success;ike2 with des
crypt-ike206.tst;success;ike2 with blowfish
crypt-ike207.tst;success;ike2 with 3des
crypt-ike208.tst;success;ike2 with aes128
crypt-ike209.tst;success;ike2 with aes192
crypt-ike210.tst;success;ike2 with aes256
crypt-ike211.tst;success;ike2 with md5
crypt-ike212.tst;success;ike2 with sha1
crypt-ike213.tst;success;ike2 with sha256
crypt-ike214.tst;success;ike2 with sha512
crypt-ike215.tst;success;ike2 with group1
crypt-ike216.tst;success;ike2 with group2
crypt-ike217.tst;success;ike2 with group5
crypt-ike218.tst;success;ike2 with group14
crypt-ike219.tst;success;ike2 with group15
crypt-ike220.tst;success;ike2 with group16
crypt-ike221.tst;success;ike2 with group17
crypt-ike222.tst;success;ike2 with group18
crypt-ike223.tst;success;ike2 with group22
crypt-ike224.tst;success;ike2 with group23
crypt-ike225.tst;success;ike2 with group24
crypt-ike226.tst;success;ike2 over ipsec
crypt-inlsp01.tst;success;inlsp over ipv4
crypt-inlsp02.tst;success;inlsp over ipv6
crypt-inlsp03.tst;success;inlsp over inlsp
crypt-inlsp04.tst;success;inlsp over loopback
crypt-inlsp05.tst;success;inlsp with des
crypt-inlsp06.tst;success;inlsp with blowfish
crypt-inlsp07.tst;success;inlsp with 3des
crypt-inlsp08.tst;success;inlsp with aes128
crypt-inlsp09.tst;success;inlsp with aes192
crypt-inlsp10.tst;success;inlsp with aes256
crypt-inlsp11.tst;success;inlsp with md5
crypt-inlsp12.tst;success;inlsp with sha1
crypt-inlsp13.tst;success;inlsp with sha256
crypt-inlsp14.tst;success;inlsp with sha512
crypt-insp01.tst;success;route inspection
crypt-insp02.tst;success;flow inspection
crypt-insp03.tst;success;interface inspection
crypt-insp04.tst;success;bridge inspection
crypt-insp05.tst;success;mpls inspection
crypt-macsec01.tst;success;macsec over ethernet
crypt-macsec02.tst;success;macsec over ethernet vlan
crypt-macsec03.tst;success;macsec over ethernet bridge
crypt-macsec04.tst;success;macsec over hdlc
crypt-macsec05.tst;success;macsec over ppp
crypt-macsec06.tst;success;macsec over framerelay
crypt-macsec07.tst;success;macsec over atmdxi
crypt-macsec08.tst;success;macsec over atmsar
crypt-macsec09.tst;success;macsec over tunnel
crypt-macsec10.tst;success;macsec with des
crypt-macsec11.tst;success;macsec with blowfish
crypt-macsec12.tst;success;macsec with 3des
crypt-macsec13.tst;success;macsec with aes128
crypt-macsec14.tst;success;macsec with aes192
crypt-macsec15.tst;success;macsec with aes256
crypt-macsec16.tst;success;macsec with md5
crypt-macsec17.tst;success;macsec with sha1
crypt-macsec18.tst;success;macsec with sha256
crypt-macsec19.tst;success;macsec with sha512
crypt-macsec20.tst;success;macsec with group1
crypt-macsec21.tst;success;macsec with group2
crypt-macsec22.tst;success;macsec with group5
crypt-macsec23.tst;success;macsec with group14
crypt-macsec24.tst;success;macsec with group15
crypt-macsec25.tst;success;macsec with group16
crypt-macsec26.tst;success;macsec with group17
crypt-macsec27.tst;success;macsec with group18
crypt-macsec28.tst;success;macsec with group22
crypt-macsec29.tst;success;macsec with group23
crypt-macsec30.tst;success;macsec with group24
crypt-nat01.tst;success;source list translation to interface
crypt-nat02.tst;success;source list translation to address
crypt-nat03.tst;success;source address translation to interface
crypt-nat04.tst;success;source address translation to address
crypt-nat05.tst;success;target address translation to address
crypt-nat06.tst;success;more sources translation to interface
crypt-nat07.tst;success;ipv4-ipv6 protocol translation
crypt-nat08.tst;success;source prefix translation
crypt-nat09.tst;success;target prefix translation
crypt-nat10.tst;success;nat64 translation
crypt-nat11.tst;success;source port randomization
crypt-nat12.tst;success;source interface translation to address
crypt-nat13.tst;success;target interface translation to address
crypt-openvpn01.tst;success;openvpn over ipv4
crypt-openvpn02.tst;success;openvpn over ipv6
crypt-openvpn03.tst;success;openvpn over openvpn
crypt-openvpn04.tst;success;openvpn over loopback
crypt-openvpn05.tst;success;openvpn with des
crypt-openvpn06.tst;success;openvpn with blowfish
crypt-openvpn07.tst;success;openvpn with 3des
crypt-openvpn08.tst;success;openvpn with aes128
crypt-openvpn09.tst;success;openvpn with aes192
crypt-openvpn10.tst;success;openvpn with aes256
crypt-openvpn11.tst;success;openvpn with md5
crypt-openvpn12.tst;success;openvpn with sha1
crypt-openvpn13.tst;success;openvpn with sha256
crypt-openvpn14.tst;success;openvpn with sha512
crypt-openvpn15.tst;success;openvpn over asymmetric ports
crypt-proxy.tst;success;transparent proxy
crypt-satp01.tst;success;satp over ipv4
crypt-satp02.tst;success;satp over ipv6
crypt-satp03.tst;success;satp over satp
crypt-satp04.tst;success;satp over loopback
crypt-satp05.tst;success;satp with des
crypt-satp06.tst;success;satp with blowfish
crypt-satp07.tst;success;satp with 3des
crypt-satp08.tst;success;satp with aes128
crypt-satp09.tst;success;satp with aes192
crypt-satp10.tst;success;satp with aes256
crypt-satp11.tst;success;satp with md5
crypt-satp12.tst;success;satp with sha1
crypt-satp13.tst;success;satp with sha256
crypt-satp14.tst;success;satp with sha512
crypt-satp15.tst;success;satp over asymmetric ports
crypt-skip01.tst;success;skip over ipv4
crypt-skip02.tst;success;skip over ipv6
crypt-skip03.tst;success;skip over skip
crypt-skip04.tst;success;skip over loopback
crypt-skip05.tst;success;skip with des
crypt-skip06.tst;success;skip with blowfish
crypt-skip07.tst;success;skip with 3des
crypt-skip08.tst;success;skip with aes128
crypt-skip09.tst;success;skip with aes192
crypt-skip10.tst;success;skip with aes256
crypt-skip11.tst;success;skip with md5
crypt-skip12.tst;success;skip with sha1
crypt-skip13.tst;success;skip with sha256
crypt-skip14.tst;success;skip with sha512
crypt-ssh.tst;success;ssh test
crypt-swipe01.tst;success;swipe over ipv4
crypt-swipe02.tst;success;swipe over ipv6
crypt-swipe03.tst;success;swipe over swipe
crypt-swipe04.tst;success;swipe over loopback
crypt-swipe05.tst;success;swipe with des
crypt-swipe06.tst;success;swipe with blowfish
crypt-swipe07.tst;success;swipe with 3des
crypt-swipe08.tst;success;swipe with aes128
crypt-swipe09.tst;success;swipe with aes192
crypt-swipe10.tst;success;swipe with aes256
crypt-swipe11.tst;success;swipe with md5
crypt-swipe12.tst;success;swipe with sha1
crypt-swipe13.tst;success;swipe with sha256
crypt-swipe14.tst;success;swipe with sha512
crypt-tls.tst;success;tls test
crypt-wireguard01.tst;success;wireguard over ipv4
crypt-wireguard02.tst;success;wireguard over ipv6
crypt-wireguard03.tst;success;wireguard over wireguard
crypt-wireguard04.tst;success;wireguard over loopback
crypt-wireguard05.tst;success;wireguard over asymmetric ports
demo01.tst;success;empty demo network
demo02.tst;success;addressed demo network
intop1-bgp01.tst;success;interop1: ebgp
intop1-bgp02.tst;success;interop1: ibgp
intop1-bgp03.tst;success;interop1: bgp locpref
intop1-bgp04.tst;success;interop1: bgp origin
intop1-bgp05.tst;success;interop1: bgp metric
intop1-bgp06.tst;success;interop1: bgp community
intop1-bgp07.tst;success;interop1: bgp aspath
intop1-bgp08.tst;success;interop1: bgp with labels
intop1-bgp09.tst;success;interop1: bgp addpath
intop1-bgp10.tst;success;interop1: bgp prefix withdraw
intop1-bgp11.tst;success;interop1: bgp vpnv4
intop1-bgp12.tst;success;interop1: bgp authentication
intop1-bgp13.tst;success;interop1: bgp vpnv6
intop1-bgp14.tst;success;interop1: vpls/ldp over bgp
intop1-bgp15.tst;success;interop1: vpls/bgp over bgp
intop1-bgp16.tst;success;interop1: bgp extended community
intop1-bgp17.tst;success;interop1: evpn/cmac over bgp
intop1-bgp18.tst;success;interop1: bgp 6pe
intop1-bgp19.tst;success;interop1: bgp aigp
intop1-bgp20.tst;success;interop1: bgp with php labels
intop1-dhcp01.tst;success;interop1: dhcp server
intop1-dhcp02.tst;success;interop1: dhcp client
intop1-dns.tst;success;interop1: dns
intop1-eigrp01.tst;success;interop1: eigrp
intop1-eigrp02.tst;success;interop1: eigrp prefix withdraw
intop1-eth01.tst;success;interop1: ethernet encapsulation
intop1-eth02.tst;success;interop1: dot1q encapsulation
intop1-eth03.tst;success;interop1: spantree nonroot
intop1-eth04.tst;success;interop1: spantree root
intop1-eth05.tst;success;interop1: point2point ethernet encapsulation
intop1-ike101.tst;success;interop1: ike1 with ipv4
intop1-ike102.tst;success;interop1: ike1 with ipv6
intop1-ike103.tst;success;interop1: ike1 with 3des
intop1-ike104.tst;success;interop1: ike1 with aes128
intop1-ike105.tst;success;interop1: ike1 with aes192
intop1-ike106.tst;success;interop1: ike1 with aes256
intop1-ike107.tst;success;interop1: ike1 with sha1
intop1-ike108.tst;success;interop1: ike1 with sha256
intop1-ike109.tst;success;interop1: ike1 with sha512
intop1-ike110.tst;success;interop1: ike1 with group2
intop1-ike111.tst;success;interop1: ike1 with group5
intop1-ike112.tst;success;interop1: ike1 with group14
intop1-ike113.tst;success;interop1: ike1 with group15
intop1-ike114.tst;success;interop1: ike1 with group16
intop1-ike115.tst;success;interop1: ike1 with group24
intop1-ike201.tst;success;interop1: ike2 with ipv4
intop1-ike202.tst;success;interop1: ike2 with ipv6
intop1-ike203.tst;success;interop1: ike2 with 3des
intop1-ike204.tst;success;interop1: ike2 with aes128
intop1-ike205.tst;success;interop1: ike2 with aes192
intop1-ike206.tst;success;interop1: ike2 with aes256
intop1-ike207.tst;success;interop1: ike2 with sha1
intop1-ike208.tst;success;interop1: ike2 with sha256
intop1-ike209.tst;success;interop1: ike2 with sha512
intop1-ike210.tst;success;interop1: ike2 with group2
intop1-ike211.tst;success;interop1: ike2 with group5
intop1-ike212.tst;success;interop1: ike2 with group14
intop1-ike213.tst;success;interop1: ike2 with group15
intop1-ike214.tst;success;interop1: ike2 with group16
intop1-ike215.tst;success;interop1: ike2 with group24
intop1-isis01.tst;success;interop1: point2point isis
intop1-isis02.tst;success;interop1: isis dis
intop1-isis03.tst;success;interop1: isis nondis
intop1-isis04.tst;success;interop1: isis narrow metric
intop1-isis05.tst;success;interop1: isis te
intop1-isis06.tst;success;interop1: isis multi-topology
intop1-isis07.tst;success;interop1: isis prefix withdraw
intop1-isis08.tst;success;interop1: isis authentication
intop1-isis09.tst;success;interop1: isis p2mp te
intop1-isis10.tst;success;interop1: isis sr
intop1-isis11.tst;success;interop1: isis lsp authentication
intop1-isis12.tst;success;interop1: isis php sr
intop1-isis13.tst;success;interop1: isis te with pcep
intop1-l2tp01.tst;success;interop1: l2tp2 client
intop1-l2tp02.tst;success;interop1: l2tp2 server
intop1-l2tp03.tst;success;interop1: l2tp3 server
intop1-l2tp04.tst;success;interop1: ethernet tunneling with l2tp3
intop1-ldp01.tst;success;interop1: ldp lsp
intop1-ldp02.tst;success;interop1: ethernet over mpls
intop1-ldp03.tst;success;interop1: ldp p2mp lsp
intop1-ldp04.tst;success;interop1: ldp mp2mp lsp
intop1-ldp05.tst;success;interop1: ldp php lsp
intop1-ldp06.tst;success;interop1: ldp over point2point ethernet
intop1-mcast01.tst;success;interop1: igmp3/mld2
intop1-mcast02.tst;success;interop1: pim
intop1-modem01.tst;success;interop1: modem with alaw
intop1-modem02.tst;success;interop1: modem with ulaw
intop1-ospf01.tst;success;interop1: point2point ospf
intop1-ospf02.tst;success;interop1: ospf dr
intop1-ospf03.tst;success;interop1: ospf nondr
intop1-ospf04.tst;success;interop1: ospf transit area
intop1-ospf05.tst;success;interop1: ospf stub area
intop1-ospf06.tst;success;interop1: ospf nssa area
intop1-ospf07.tst;success;interop1: ospf te
intop1-ospf08.tst;success;interop1: ospf prefix withdraw
intop1-ospf09.tst;success;interop1: ospf authentication
intop1-ospf10.tst;success;interop1: ospf p2mp te
intop1-ospf11.tst;success;interop1: ospf sr
intop1-ospf12.tst;success;interop1: ospf php sr
intop1-ospf13.tst;success;interop1: ospf te with pcep
intop1-pppoe01.tst;success;interop1: pppoe client
intop1-pppoe02.tst;success;interop1: pppoe server
intop1-pppoe03.tst;success;interop1: pppoe with pap
intop1-pppoe04.tst;success;interop1: pppoe with chap
intop1-pppoe05.tst;success;interop1: pppoe with eap
intop1-radius.tst;success;interop1: radius
intop1-rip01.tst;success;interop1: rip
intop1-rip02.tst;success;interop1: rip prefix withdraw
intop1-rip03.tst;success;interop1: rip authentication
intop1-ssh.tst;success;interop1: ssh
intop1-tacacs.tst;success;interop1: tacacs
intop1-tun01.tst;success;interop1: gre tunnel
intop1-tun02.tst;success;interop1: ipip tunnel
intop1-tun03.tst;success;interop1: vxlan tunnel
intop2-bgp01.tst;success;interop2: ebgp
intop2-bgp02.tst;success;interop2: ibgp
intop2-bgp03.tst;success;interop2: bgp locpref
intop2-bgp04.tst;success;interop2: bgp origin
intop2-bgp05.tst;success;interop2: bgp metric
intop2-bgp06.tst;success;interop2: bgp community
intop2-bgp07.tst;success;interop2: bgp aspath
intop2-bgp08.tst;success;interop2: bgp with labels
intop2-bgp09.tst;success;interop2: bgp addpath
intop2-bgp10.tst;success;interop2: bgp prefix withdraw
intop2-bgp11.tst;success;interop2: bgp vpnv4
intop2-bgp12.tst;success;interop2: bgp authentication
intop2-bgp13.tst;success;interop2: bgp vpnv6
intop2-bgp14.tst;success;interop2: vpls/ldp over bgp
intop2-bgp15.tst;success;interop2: vpls/bgp over bgp
intop2-bgp16.tst;success;interop2: evpn/pbb over bgp
intop2-bgp17.tst;success;interop2: bgp extended community
intop2-bgp18.tst;success;interop2: bgp large community
intop2-bgp19.tst;success;interop2: bgp vpnv4 over srv6
intop2-bgp20.tst;success;interop2: bgp vpnv6 over srv6
intop2-bgp21.tst;success;interop2: bgp 6pe
intop2-bgp22.tst;success;interop2: evpn/vpws over bgp
intop2-bgp23.tst;success;interop2: bgp aigp
intop2-bgp24.tst;success;interop2: bgp with php labels
intop2-eigrp01.tst;success;interop2: eigrp
intop2-eigrp02.tst;success;interop2: eigrp prefix withdraw
intop2-eth01.tst;success;interop2: ethernet encapsulation
intop2-eth02.tst;success;interop2: dot1q encapsulation
intop2-eth03.tst;success;interop2: dot1ad encapsulation
intop2-eth04.tst;success;interop2: point2point ethernet encapsulation
intop2-isis01.tst;success;interop2: point2point isis
intop2-isis02.tst;success;interop2: isis dis
intop2-isis03.tst;success;interop2: isis nondis
intop2-isis04.tst;success;interop2: isis narrow metric
intop2-isis05.tst;success;interop2: isis te
intop2-isis06.tst;success;interop2: isis multi-topology
intop2-isis07.tst;success;interop2: isis prefix withdraw
intop2-isis08.tst;success;interop2: isis authentication
intop2-isis09.tst;success;interop2: isis p2mp te
intop2-isis10.tst;success;interop2: isis sr
intop2-isis11.tst;success;interop2: isis lsp authentication
intop2-isis12.tst;success;interop2: isis php sr
intop2-isis13.tst;success;interop2: isis te with pcep
intop2-ldp01.tst;success;interop2: ldp lsp
intop2-ldp02.tst;success;interop2: ethernet over mpls
intop2-ldp03.tst;success;interop2: ldp p2mp lsp
intop2-ldp04.tst;success;interop2: ldp mp2mp lsp
intop2-ldp05.tst;success;interop2: ldp php lsp
intop2-ldp06.tst;success;interop2: ldp over point2point ethernet
intop2-mcast01.tst;success;interop2: igmp3/mld2
intop2-mcast02.tst;success;interop2: pim
intop2-ospf01.tst;success;interop2: point2point ospf
intop2-ospf02.tst;success;interop2: ospf dr
intop2-ospf03.tst;success;interop2: ospf nondr
intop2-ospf04.tst;success;interop2: ospf transit area
intop2-ospf05.tst;success;interop2: ospf stub area
intop2-ospf06.tst;success;interop2: ospf nssa area
intop2-ospf07.tst;success;interop2: ospf te
intop2-ospf08.tst;success;interop2: ospf prefix withdraw
intop2-ospf09.tst;success;interop2: ospf authentication
intop2-ospf10.tst;success;interop2: ospf p2mp te
intop2-ospf11.tst;success;interop2: ospf sr
intop2-ospf12.tst;success;interop2: ospf php sr
intop2-ospf13.tst;success;interop2: ospf te with pcep
intop2-pppoe01.tst;success;interop2: pppoe with pap
intop2-pppoe02.tst;success;interop2: pppoe with chap
intop2-rip01.tst;success;interop2: rip
intop2-rip02.tst;success;interop2: rip prefix withdraw
intop2-rip03.tst;success;interop2: rip authentication
intop2-tun01.tst;success;interop2: gre tunnel
intop2-tun02.tst;success;interop2: ipip tunnel
intop8-bgp01.tst;success;interop8: ebgp
intop8-bgp02.tst;success;interop8: ibgp
intop8-bgp03.tst;success;interop8: bgp locpref
intop8-bgp04.tst;success;interop8: bgp origin
intop8-bgp05.tst;success;interop8: bgp metric
intop8-bgp06.tst;success;interop8: bgp community
intop8-bgp07.tst;success;interop8: bgp aspath
intop8-bgp08.tst;success;interop8: bgp with labels
intop8-bgp09.tst;success;interop8: bgp addpath
intop8-bgp10.tst;success;interop8: bgp prefix withdraw
intop8-bgp11.tst;success;interop8: bgp authentication
intop8-bgp12.tst;success;interop8: bgp extended community
intop8-bgp13.tst;success;interop8: bgp large community
intop8-bgp14.tst;success;interop8: bgp with php labels
intop8-eigrp01.tst;success;interop8: eigrp
intop8-isis01.tst;success;interop8: point2point isis
intop8-isis02.tst;success;interop8: isis dis
intop8-isis03.tst;success;interop8: isis nondis
intop8-isis04.tst;success;interop8: isis narrow metric
intop8-isis05.tst;success;interop8: isis prefix withdraw
intop8-isis06.tst;success;interop8: isis authentication
intop8-ldp01.tst;success;interop8: ldp lsp
intop8-ldp02.tst;success;interop8: ldp php lsp
intop8-ospf01.tst;success;interop8: point2point ospf
intop8-ospf02.tst;success;interop8: ospf dr
intop8-ospf03.tst;success;interop8: ospf nondr
intop8-ospf04.tst;success;interop8: ospf transit area
intop8-ospf05.tst;success;interop8: ospf stub area
intop8-ospf06.tst;success;interop8: ospf nssa area
intop8-ospf07.tst;success;interop8: ospf prefix withdraw
intop8-ospf08.tst;success;interop8: ospf authentication
intop8-rip01.tst;success;interop8: rip
intop9-bgp01.tst;success;interop9: ebgp
intop9-bgp02.tst;success;interop9: ibgp
intop9-bgp03.tst;success;interop9: bgp locpref
intop9-bgp04.tst;success;interop9: bgp origin
intop9-bgp05.tst;success;interop9: bgp metric
intop9-bgp06.tst;success;interop9: bgp community
intop9-bgp07.tst;success;interop9: bgp aspath
intop9-bgp08.tst;success;interop9: bgp with labels
intop9-bgp09.tst;success;interop9: bgp addpath
intop9-bgp10.tst;success;interop9: bgp prefix withdraw
intop9-bgp11.tst;success;interop9: bgp vpnv4
intop9-bgp12.tst;success;interop9: bgp authentication
intop9-bgp13.tst;success;interop9: bgp vpnv6
intop9-bgp14.tst;success;interop9: vpls/ldp over bgp
intop9-bgp15.tst;success;interop9: vpls/bgp over bgp
intop9-bgp16.tst;success;interop9: bgp extended community
intop9-bgp17.tst;success;interop9: bgp large community
intop9-bgp18.tst;success;interop9: bgp with php labels
intop9-eth01.tst;success;interop9: ethernet encapsulation
intop9-eth02.tst;success;interop9: dot1q encapsulation
intop9-isis01.tst;success;interop9: point2point isis
intop9-isis02.tst;success;interop9: isis dis
intop9-isis03.tst;success;interop9: isis nondis
intop9-isis04.tst;success;interop9: isis te
intop9-isis05.tst;success;interop9: isis prefix withdraw
intop9-isis06.tst;success;interop9: isis p2mp te
intop9-isis07.tst;success;interop9: isis sr
intop9-isis08.tst;success;interop9: isis lsp authentication
intop9-isis09.tst;success;interop9: isis php sr
intop9-ldp01.tst;success;interop9: ldp lsp
intop9-ldp02.tst;success;interop9: ethernet over mpls
intop9-ldp03.tst;success;interop9: ldp p2mp lsp
intop9-ldp04.tst;success;interop9: ldp mp2mp lsp
intop9-ldp05.tst;success;interop9: ldp php lsp
intop9-ospf01.tst;success;interop9: point2point ospf
intop9-ospf02.tst;success;interop9: ospf dr
intop9-ospf03.tst;success;interop9: ospf nondr
intop9-ospf04.tst;success;interop9: ospf transit area
intop9-ospf05.tst;success;interop9: ospf stub area
intop9-ospf06.tst;success;interop9: ospf nssa area
intop9-ospf07.tst;success;interop9: ospf te
intop9-ospf08.tst;success;interop9: ospf prefix withdraw
intop9-ospf09.tst;success;interop9: ospf p2mp te
intop9-ospf10.tst;success;interop9: ospf sr
intop9-ospf11.tst;success;interop9: ospf php sr
intop9-rip01.tst;success;interop9: rip
mpls-bier01.tst;success;bier in chain
mpls-bier02.tst;success;bier in star
mpls-bier03.tst;success;bier in dense chain
mpls-bier04.tst;success;bier in dense star
mpls-bier05.tst;success;bier on multiple si
mpls-bier06.tst;success;bier on mixed si
mpls-bier07.tst;success;bier with 64b bsl
mpls-bier08.tst;success;bier with 128b bsl
mpls-bier09.tst;success;bier with 256b bsl
mpls-bier10.tst;success;bier with 512b bsl
mpls-bier11.tst;success;bier with 1k bsl
mpls-bier12.tst;success;bier with 2k bsl
mpls-bier13.tst;success;bier with 4k bsl
mpls-bier14.tst;success;bier over broadcast subnet
mpls-bier15.tst;success;mixed protocol over bier
mpls-bier16.tst;success;mpls over bier
mpls-evc01.tst;success;bridged evcs over ethernet
mpls-evc02.tst;success;bridged evcs over hdlc
mpls-evc03.tst;success;bridged evcs over gre
mpls-evc04.tst;success;bridged evcs and subif
mpls-evc05.tst;success;bridged evcs and main
mpls-evc06.tst;success;xconnect evcs terminated on xconnects
mpls-evc07.tst;success;xconnect evcs terminated on pwhes
mpls-evc08.tst;success;xconnect terminated on pwhe subifs
mpls-evc09.tst;success;xconnect terminated on pwhe bridged evcs
mpls-evc10.tst;success;xconnect terminated on pwhe xconnect evcs
mpls-evc11.tst;success;xconnect evcs terminated on vpdns
mpls-ldp01.tst;success;ldp over ethernet
mpls-ldp02.tst;success;ldp over ethernet vlan
mpls-ldp03.tst;success;ldp over ethernet bridge
mpls-ldp04.tst;success;ldp over hdlc
mpls-ldp05.tst;success;ldp over ppp
mpls-ldp06.tst;success;ldp over framerelay
mpls-ldp07.tst;success;ldp over atmdxi
mpls-ldp08.tst;success;ldp over gre
mpls-ldp09.tst;success;ldp over broadcast subnet
mpls-ldp10.tst;success;ldp over hub and spoke subnet
mpls-ldp11.tst;success;ldp over loopback
mpls-ldp12.tst;success;p2p ldp tunnel
mpls-ldp13.tst;success;p2mp ldp tunnel
mpls-ldp14.tst;success;p2mp ldp tunnel head+mid
mpls-ldp15.tst;success;mp2mp ldp tunnel
mpls-ldp16.tst;success;mp2mp ldp tunnel mid+head
mpls-ldp17.tst;success;targeted ldp
mpls-ldp18.tst;success;ldp password
mpls-ldp19.tst;success;targeted ldp password
mpls-ldp20.tst;success;ingress label filtering with ldp
mpls-ldp21.tst;success;egress label filtering with ldp
mpls-ldp22.tst;success;vrf label filtering with ldp
mpls-ldp23.tst;success;mpls expbundle
mpls-ldp24.tst;success;mpls redirection
mpls-ldp25.tst;success;ldp php
mpls-ldp26.tst;success;ldp over point2point ethernet
mpls-nsh01.tst;success;nsh over ethernet
mpls-nsh02.tst;success;nsh over ethernet vlan
mpls-nsh03.tst;success;nsh over ethernet bridge
mpls-nsh04.tst;success;nsh over hdlc
mpls-nsh05.tst;success;nsh over ppp
mpls-nsh06.tst;success;nsh over framerelay
mpls-nsh07.tst;success;nsh over atmdxi
mpls-nsh08.tst;success;nsh over gre
mpls-nsh09.tst;success;nsh chain
mpls-nsh10.tst;success;nsh loop
mpls-nsh11.tst;success;nsh switch
mpls-nsh12.tst;success;nsh ip
mpls-nsh13.tst;success;nsh mix of ip and ethernet
mpls-pwe01.tst;success;ppp over mpls
mpls-pwe02.tst;success;hdlc over mpls
mpls-pwe03.tst;success;lapb over mpls
mpls-pwe04.tst;success;framerelay over mpls
mpls-pwe05.tst;success;atmdxi over mpls
mpls-pwe06.tst;success;isdn over mpls
mpls-pwe07.tst;success;sep over mpls
mpls-pwe08.tst;success;port mode ppp over mpls
mpls-pwe09.tst;success;ethernet over mpls
mpls-pwe10.tst;success;vlan over mpls
mpls-pwe11.tst;success;multipoint ethernet over mpls
mpls-pwe12.tst;success;interworking between l2tp3 and ethernet over mpls
mpls-pwe13.tst;success;hdlc tunneling with mpls
mpls-pwe14.tst;success;ppp tunneling with mpls
mpls-pwe15.tst;success;lapb tunneling with mpls
mpls-pwe16.tst;success;framerelay tunneling with mpls
mpls-pwe17.tst;success;atmdxi tunneling with mpls
mpls-pwe18.tst;success;isdn tunneling with mpls
mpls-pwe19.tst;success;sep tunneling with mpls
mpls-pwe20.tst;success;ethernet tunneling with mpls
mpls-pwe21.tst;success;vlan tunneling with mpls
mpls-pwe22.tst;success;tunnel interface with mpls
mpls-pwe23.tst;success;ethernet over mpls with cw
mpls-pwhe01.tst;success;ppp over packet over udp pwhe
mpls-pwhe02.tst;success;ethernet over packet over udp pwhe
mpls-pwhe03.tst;success;ethernet over vxlan pwhe
mpls-pwhe04.tst;success;ethernet over geneve pwhe
mpls-pwhe05.tst;success;ethernet over erspan pwhe
mpls-pwhe06.tst;success;ethernet over dlsw pwhe
mpls-pwhe07.tst;success;ethernet over etherip pwhe
mpls-pwhe08.tst;success;ethernet over uti pwhe
mpls-pwhe09.tst;success;ethernet over nvgre pwhe
mpls-pwhe10.tst;success;ppp over greppp pwhe
mpls-pwhe11.tst;success;ppp over ax25 pwhe
mpls-pwhe12.tst;success;ppp over l2f pwhe
mpls-pwhe13.tst;success;ppp over pptp pwhe
mpls-pwhe14.tst;success;ppp over l2tp2 pwhe
mpls-pwhe15.tst;success;ppp over l2tp3 pwhe
mpls-pwhe16.tst;success;ethernet over l2tp3 pwhe
mpls-pwhe17.tst;success;ppp over mpls pwhe
mpls-pwhe18.tst;success;ethernet over mpls pwhe
mpls-pwhe19.tst;success;ethernet over mpls pwhe with cw
mpls-pwhe20.tst;success;ethernet over gretap pwhe
mpls-pwhe21.tst;success;ethernet over sreth pwhe
mpls-sr01.tst;success;sr in chain
mpls-sr02.tst;success;sr in star
mpls-sr03.tst;success;te over sr
mpls-sr04.tst;success;pwe over sr
mpls-sr05.tst;success;bgp over sr
mpls-sr06.tst;success;bgp with labels over sr
mpls-sr07.tst;success;vpns over bgp over sr
mpls-sr08.tst;success;othervpns over bgp over sr
mpls-sr09.tst;success;sr over broadcast subnet
mpls-sr10.tst;success;sr te over mpls
mpls-sr11.tst;success;sr te over exthdr
mpls-sr12.tst;success;bgp with php labels over sr
mpls-sr13.tst;success;sr te with pcep
mpls-te01.tst;success;te over ethernet
mpls-te02.tst;success;te over ethernet vlan
mpls-te03.tst;success;te over ethernet bridge
mpls-te04.tst;success;te over hdlc
mpls-te05.tst;success;te over ppp
mpls-te06.tst;success;te over framerelay
mpls-te07.tst;success;te over atmdxi
mpls-te08.tst;success;te over gre
mpls-te09.tst;success;te in chain
mpls-te10.tst;success;ldp over te
mpls-te11.tst;success;pwe over te
mpls-te12.tst;success;ldp and te
mpls-te13.tst;success;p2mp te
mpls-te14.tst;success;p2mp te tail+mid
mpls-te15.tst;success;te with pcep
mpls-te16.tst;success;te over point2point ethernet
mpls-xconn01.tst;success;cross connect with pwe over mpls
mpls-xconn02.tst;success;cross connect with packet over udp
mpls-xconn03.tst;success;cross connect with vxlan
mpls-xconn04.tst;success;cross connect with geneve
mpls-xconn05.tst;success;cross connect with erspan
mpls-xconn06.tst;success;cross connect with etherip
mpls-xconn07.tst;success;cross connect with sreth
mpls-xconn08.tst;success;cross connect with nvgre
mpls-xconn09.tst;success;cross connect with uti
mpls-xconn10.tst;success;cross connect with pwe over mpls with cw
mpls-xconn11.tst;success;cross connect interworking with packet over udp
mpls-xconn12.tst;success;cross connect interworking with vxlan
mpls-xconn13.tst;success;cross connect interworking with geneve
mpls-xconn14.tst;success;cross connect interworking with erspan
mpls-xconn15.tst;success;cross connect interworking with etherip
mpls-xconn16.tst;success;cross connect interworking with sreth
mpls-xconn17.tst;success;cross connect interworking with nvgre
mpls-xconn18.tst;success;cross connect interworking with uti
mpls-xconn19.tst;success;cross connect interworking with dlsw
mpls-xconn20.tst;success;cross connect with everything
opnflw-rout01.tst;success;openflow: software routing
opnflw-rout02.tst;success;openflow: bridging and routing
opnflw-rout03.tst;success;openflow: ip routing
opnflw-rout04.tst;success;openflow: mpls routing
opnflw-rout05.tst;success;openflow: multicast routing
opnflw-rout06.tst;success;openflow: mldp routing
p4lang-acl01.tst;success;p4lang: copp
p4lang-acl02.tst;success;p4lang: ingress access list
p4lang-acl03.tst;success;p4lang: egress access list
p4lang-acl04.tst;success;p4lang: nat
p4lang-acl05.tst;success;p4lang: bundle ingress access list
p4lang-acl06.tst;success;p4lang: bundle egress access list
p4lang-acl07.tst;success;p4lang: bundle vlan ingress access list
p4lang-acl08.tst;success;p4lang: bundle vlan egress access list
p4lang-acl09.tst;success;p4lang: bridge ingress access list
p4lang-acl10.tst;success;p4lang: bridge egress access list
p4lang-acl11.tst;success;p4lang: vlan bridge ingress access list
p4lang-acl12.tst;success;p4lang: vlan bridge egress access list
p4lang-acl13.tst;success;p4lang: ingress pppoe access list
p4lang-acl14.tst;success;p4lang: egress pppoe access list
p4lang-acl15.tst;success;p4lang: ingress vlan pppoe access list
p4lang-acl16.tst;success;p4lang: egress vlan pppoe access list
p4lang-acl17.tst;success;p4lang: hairpin ingress access list
p4lang-acl18.tst;success;p4lang: hairpin egress access list
p4lang-acl19.tst;success;p4lang: hairpin vlan ingress access list
p4lang-acl20.tst;success;p4lang: hairpin vlan egress access list
p4lang-acl21.tst;success;p4lang: hairpin pppoe ingress access list
p4lang-acl22.tst;success;p4lang: hairpin pppoe egress access list
p4lang-acl23.tst;success;p4lang: hairpin vlan pppoe ingress access list
p4lang-acl24.tst;success;p4lang: hairpin vlan pppoe egress access list
p4lang-rout01.tst;success;p4lang: routing
p4lang-rout02.tst;success;p4lang: bridging
p4lang-rout03.tst;success;p4lang: mpls core
p4lang-rout04.tst;success;p4lang: mpls edge
p4lang-rout05.tst;success;p4lang: vlan routing
p4lang-rout06.tst;success;p4lang: vlan bridging
p4lang-rout07.tst;success;p4lang: vlan mpls
p4lang-rout08.tst;success;p4lang: vpn with bgp
p4lang-rout09.tst;success;p4lang: vpls/ldp with bgp
p4lang-rout10.tst;success;p4lang: evpn/cmac with bgp
p4lang-rout11.tst;success;p4lang: eompls
p4lang-rout12.tst;success;p4lang: vpn with bgp over srv6
p4lang-rout13.tst;success;p4lang: evpn/cmac with bgp over srv6
p4lang-rout14.tst;success;p4lang: bundle routing
p4lang-rout15.tst;success;p4lang: bundle mpls
p4lang-rout16.tst;success;p4lang: bundle vlan routing
p4lang-rout17.tst;success;p4lang: bundle vlan mpls
p4lang-rout18.tst;success;p4lang: bundle vlan bridging
p4lang-rout19.tst;success;p4lang: bridge routing
p4lang-rout20.tst;success;p4lang: bridge mpls
p4lang-rout21.tst;success;p4lang: vlan bridge routing
p4lang-rout22.tst;success;p4lang: vlan bridge mpls
p4lang-rout23.tst;success;p4lang: vlan vpls/ldp with bgp
p4lang-rout24.tst;success;p4lang: vlan eompls
p4lang-rout25.tst;success;p4lang: bundle vlan vpls/ldp with bgp
p4lang-rout26.tst;success;p4lang: bundle vlan eompls
p4lang-rout27.tst;success;p4lang: pppoe routing
p4lang-rout28.tst;success;p4lang: vlan pppoe routing
p4lang-rout29.tst;success;p4lang: pppoe mpls
p4lang-rout30.tst;success;p4lang: vlan pppoe mpls
p4lang-rout31.tst;success;p4lang: hairpin routing
p4lang-rout32.tst;success;p4lang: hairpin bridging
p4lang-rout33.tst;success;p4lang: hairpin mpls
p4lang-rout34.tst;success;p4lang: hairpin vlan routing
p4lang-rout35.tst;success;p4lang: hairpin vlan bridging
p4lang-rout36.tst;success;p4lang: hairpin vlan mpls
p4lang-rout37.tst;success;p4lang: hairpin pppoe routing
p4lang-rout38.tst;success;p4lang: hairpin vlan pppoe routing
p4lang-rout39.tst;success;p4lang: hairpin pppoe mpls
p4lang-rout40.tst;success;p4lang: hairpin vlan pppoe mpls
p4lang-rout41.tst;success;p4lang: hairpin vpls/ldp with bgp
p4lang-rout42.tst;success;p4lang: hairpin vlan vpls/ldp with bgp
p4lang-rout43.tst;success;p4lang: hairpin eompls
p4lang-rout44.tst;success;p4lang: hairpin vlan eompls
p4lang-rout45.tst;success;p4lang: vlan evpn/cmac with bgp
p4lang-rout46.tst;success;p4lang: bundle vlan evpn/cmac with bgp
p4lang-rout47.tst;success;p4lang: hairpin evpn/cmac with bgp
p4lang-rout48.tst;success;p4lang: hairpin vlan evpn/cmac with bgp
qos-action01.tst;success;qos ingress transmit action
qos-action02.tst;success;qos egress transmit action
qos-action03.tst;success;qos ingress drop action
qos-action04.tst;success;qos egress drop action
qos-action05.tst;success;qos ingress policer action
qos-action06.tst;success;qos egress policer action
qos-action07.tst;success;qos ingress priority action
qos-action08.tst;success;qos egress priority action
qos-action09.tst;success;qos ingress bandwidth action
qos-action10.tst;success;qos egress bandwidth action
qos-action11.tst;success;qos ingress shaper action
qos-action12.tst;success;qos egress shaper action
qos-action13.tst;success;qos ingress hierarchical action
qos-action14.tst;success;qos egress hierarchical action
qos-copp01.tst;success;qos ingress transmit copp
qos-copp02.tst;success;qos egress transmit copp
qos-copp03.tst;success;qos ingress drop copp
qos-copp04.tst;success;qos egress drop copp
qos-copp05.tst;success;qos ingress policer copp
qos-copp06.tst;success;qos egress policer copp
qos-copp07.tst;success;qos transmit dapp
qos-copp08.tst;success;qos drop dapp
qos-copp09.tst;success;qos policer dapp
qos-copp10.tst;success;qos priority dapp
qos-copp11.tst;success;qos transmit flowspec
qos-copp12.tst;success;qos drop flowspec
qos-copp13.tst;success;qos policer flowspec
qos-copp14.tst;success;qos priority flowspec
qos-match01.tst;success;qos ingress length matcher
qos-match02.tst;success;qos egress length matcher
qos-match03.tst;success;qos ingress tos matcher
qos-match04.tst;success;qos egress tos matcher
qos-match05.tst;success;qos ingress dscp matcher
qos-match06.tst;success;qos egress dscp matcher
qos-match07.tst;success;qos ingress prec matcher
qos-match08.tst;success;qos egress prec matcher
qos-match09.tst;success;qos ingress acl matcher
qos-match10.tst;success;qos egress acl matcher
qos-match11.tst;success;qos ingress ethertype matcher
qos-match12.tst;success;qos egress ethertype matcher
qos-match13.tst;success;qos ingress matcher on bridged traffic
qos-match14.tst;success;qos egress matcher on bridged traffic
qos-match15.tst;success;qos ingress ttl matcher
qos-match16.tst;success;qos egress ttl matcher
qos-set01.tst;success;qos ingress qosgroup set
qos-set02.tst;success;qos ingress tos set
qos-set03.tst;success;qos egress tos set
qos-set04.tst;success;qos ingress dscp set
qos-set05.tst;success;qos egress dscp set
qos-set06.tst;success;qos ingress prec set
qos-set07.tst;success;qos egress prec set
qos-set08.tst;success;qos cos set
qos-set09.tst;success;qos ingress exp set
qos-set10.tst;success;qos egress exp set
qos-set11.tst;success;qos ingress ttl set
qos-set12.tst;success;qos egress ttl set
rout-babel01.tst;success;babel on one subnet
rout-babel02.tst;success;babel in chain
rout-babel03.tst;success;babel ingress route filtering with prefixlist
rout-babel04.tst;success;babel egress route filtering with prefixlist
rout-babel05.tst;success;babel ingress route filtering with routemap
rout-babel06.tst;success;babel egress route filtering with routemap
rout-babel07.tst;success;babel ingress route filtering with routepolicy
rout-babel08.tst;success;babel egress route filtering with routepolicy
rout-babel09.tst;success;babel max metric
rout-babel10.tst;success;babel address suppression
rout-babel11.tst;success;babel default route
rout-babel12.tst;success;babel incoming interface metric
rout-babel13.tst;success;babel outgoing interface metric
rout-babel14.tst;success;babel incoming metric with routemap
rout-babel15.tst;success;babel outgoing metric with routemap
rout-babel16.tst;success;babel incoming metric with routepolicy
rout-babel17.tst;success;babel outgoing metric with routepolicy
rout-babel18.tst;success;babel with bfd
rout-babel19.tst;success;babel peer template
rout-babel20.tst;success;babel prefix withdraw
rout-babel21.tst;success;babel aggregation
rout-babel22.tst;success;babel auto mesh tunnel
rout-babel23.tst;success;babel triangle connection
rout-babel24.tst;success;babel autoroute
rout-babel25.tst;success;babel over point2point ethernet
rout-bgp001.tst;success;ebgp in chain
rout-bgp002.tst;success;confed bgp in chain
rout-bgp003.tst;success;ibgp in chain
rout-bgp004.tst;success;ebgp in subnet
rout-bgp005.tst;success;confed bgp in subnet
rout-bgp006.tst;success;ibgp in subnet
rout-bgp007.tst;success;ibgp fullmesh in subnet
rout-bgp008.tst;success;ibgp rr in subnet
rout-bgp009.tst;success;ebgp over loopback
rout-bgp010.tst;success;ibgp over loopback
rout-bgp011.tst;success;ibgp with mpls
rout-bgp012.tst;success;ebgp with long as number
rout-bgp013.tst;success;ibgp with long as number
rout-bgp014.tst;success;bgp default route
rout-bgp015.tst;success;bgp ingress route filtering with prefixlist
rout-bgp016.tst;success;bgp egress route filtering with prefixlist
rout-bgp017.tst;success;bgp ingress route filtering with routemap
rout-bgp018.tst;success;bgp egress route filtering with routemap
rout-bgp019.tst;success;bgp routemap filtering with locpref
rout-bgp020.tst;success;bgp routemap filtering with origin
rout-bgp021.tst;success;bgp routemap filtering with metric
rout-bgp022.tst;success;bgp routemap filtering with standard community
rout-bgp023.tst;success;bgp routemap filtering with aspath
rout-bgp024.tst;success;bgp locpref
rout-bgp025.tst;success;bgp aspath
rout-bgp026.tst;success;bgp origin
rout-bgp027.tst;success;bgp metric
rout-bgp028.tst;success;bgp locpref vs aspath
rout-bgp029.tst;success;bgp aspath vs origin
rout-bgp030.tst;success;bgp origin vs metric
rout-bgp031.tst;success;bgp routemap filtering with extended community
rout-bgp032.tst;success;ebgp with labels
rout-bgp033.tst;success;ibgp with labels
rout-bgp034.tst;success;ebgp with bfd
rout-bgp035.tst;success;vpns over ebgp
rout-bgp036.tst;success;vpns over ibgp
rout-bgp037.tst;success;bgp route server
rout-bgp038.tst;success;bgp enforce first as
rout-bgp039.tst;success;bgp aspath check
rout-bgp040.tst;success;bgp allow as in
rout-bgp041.tst;success;bgp remove private as out
rout-bgp042.tst;success;bgp override as out
rout-bgp043.tst;success;bgp nexthop self
rout-bgp044.tst;success;bgp nexthop peer
rout-bgp045.tst;success;vpls/ldp over ebgp
rout-bgp046.tst;success;vpls/ldp over ibgp
rout-bgp047.tst;success;bgp peer template
rout-bgp048.tst;success;bgp listen
rout-bgp049.tst;success;ebgp password
rout-bgp050.tst;success;bgp routemap filtering with aigp
rout-bgp051.tst;success;bgp routemap filtering with bandwidth
rout-bgp052.tst;success;bgp rpki
rout-bgp053.tst;success;bgp additional path
rout-bgp054.tst;success;bgp additional path with labels
rout-bgp055.tst;success;vpns over bgp additional path
rout-bgp056.tst;success;vpls/ldp over bgp additional path
rout-bgp057.tst;success;bgp nexthop unchanged
rout-bgp058.tst;success;bgp remove private as in
rout-bgp059.tst;success;bgp override as in
rout-bgp060.tst;success;ebgp with nexthop tracking routemap
rout-bgp061.tst;success;ibgp with nexthop tracking routemap
rout-bgp062.tst;success;vpns over ibgp rr
rout-bgp063.tst;success;vpls/ldp over ibgp rr
rout-bgp064.tst;success;bgp clustlist
rout-bgp065.tst;success;bgp metric vs clustlist
rout-bgp066.tst;success;bgp distance
rout-bgp067.tst;success;bgp distance vs locpref
rout-bgp068.tst;success;ebgp in chain with soft-reconfig
rout-bgp069.tst;success;confed bgp in chain with soft-reconfig
rout-bgp070.tst;success;ibgp in chain with soft-reconfig
rout-bgp071.tst;success;ibgp rr in subnet with soft-reconfig
rout-bgp072.tst;success;bgp ingress route filtering with prefixlist with soft-reconfig
rout-bgp073.tst;success;bgp egress route filtering with prefixlist with soft-reconfig
rout-bgp074.tst;success;bgp ingress route filtering with routemap with soft-reconfig
rout-bgp075.tst;success;bgp egress route filtering with routemap with soft-reconfig
rout-bgp076.tst;success;bgp routemap filtering with locpref with soft-reconfig
rout-bgp077.tst;success;bgp routemap filtering with origin with soft-reconfig
rout-bgp078.tst;success;bgp routemap filtering with metric with soft-reconfig
rout-bgp079.tst;success;bgp routemap filtering with standard community with soft-reconfig
rout-bgp080.tst;success;bgp routemap filtering with aspath with soft-reconfig
rout-bgp081.tst;success;bgp locpref with soft-reconfig
rout-bgp082.tst;success;bgp aspath with soft-reconfig
rout-bgp083.tst;success;bgp origin with soft-reconfig
rout-bgp084.tst;success;bgp metric with soft-reconfig
rout-bgp085.tst;success;bgp locpref vs aspath with soft-reconfig
rout-bgp086.tst;success;bgp aspath vs origin with soft-reconfig
rout-bgp087.tst;success;bgp origin vs metric with soft-reconfig
rout-bgp088.tst;success;bgp routemap filtering with extended community with soft-reconfig
rout-bgp089.tst;success;bgp clustlist with soft-reconfig
rout-bgp090.tst;success;bgp metric vs clustlist with soft-reconfig
rout-bgp091.tst;success;bgp distance with soft-reconfig
rout-bgp092.tst;success;bgp distance vs locpref with soft-reconfig
rout-bgp093.tst;success;bgp routemap filtering with aigp with soft-reconfig
rout-bgp094.tst;success;bgp routemap filtering with bandwidth with soft-reconfig
rout-bgp095.tst;success;bgp with a lot prefix
rout-bgp096.tst;success;ebgp prefix withdraw
rout-bgp097.tst;success;confed bgp prefix withdraw
rout-bgp098.tst;success;ibgp prefix withdraw
rout-bgp099.tst;success;ibgp fullmesh prefix withdraw
rout-bgp100.tst;success;ibgp rr prefix withdraw
rout-bgp101.tst;success;ebgp prefix withdraw with soft-reconfig
rout-bgp102.tst;success;confed bgp prefix withdraw with soft-reconfig
rout-bgp103.tst;success;ibgp prefix withdraw with soft-reconfig
rout-bgp104.tst;success;ibgp fullmesh prefix withdraw with soft-reconfig
rout-bgp105.tst;success;ibgp rr prefix withdraw with soft-reconfig
rout-bgp106.tst;success;vpns over confed bgp
rout-bgp107.tst;success;vpls/ldp over confed bgp
rout-bgp108.tst;success;vpns over bgp route server
rout-bgp109.tst;success;vpls/ldp over bgp route server
rout-bgp110.tst;success;bgp route server with soft-reconfig
rout-bgp111.tst;success;bgp route server prefix withdraw
rout-bgp112.tst;success;bgp route server prefix withdraw with soft-reconfig
rout-bgp113.tst;success;multisite vpns over ibgp rr
rout-bgp114.tst;success;multisite vpls/ldp over ibgp rr
rout-bgp115.tst;success;bgp change in locpref
rout-bgp116.tst;success;bgp change in aspath
rout-bgp117.tst;success;bgp change in origin
rout-bgp118.tst;success;bgp change in metric
rout-bgp119.tst;success;bgp change in aigp
rout-bgp120.tst;success;bgp change in bandwidth
rout-bgp121.tst;success;bgp change in standard community
rout-bgp122.tst;success;bgp change in extended community
rout-bgp123.tst;success;bgp change in locpref with soft-reconfig
rout-bgp124.tst;success;bgp change in aspath with soft-reconfig
rout-bgp125.tst;success;bgp change in origin with soft-reconfig
rout-bgp126.tst;success;bgp change in metric with soft-reconfig
rout-bgp127.tst;success;bgp change in aigp with soft-reconfig
rout-bgp128.tst;success;bgp change in bandwidth with soft-reconfig
rout-bgp129.tst;success;bgp change in standard community with soft-reconfig
rout-bgp130.tst;success;bgp change in extended community with soft-reconfig
rout-bgp131.tst;success;bgp aggregation
rout-bgp132.tst;success;bgp maximum prefix
rout-bgp133.tst;success;evpn/pbb over ebgp
rout-bgp134.tst;success;evpn/pbb over ibgp
rout-bgp135.tst;success;evpn/pbb over bgp additional path
rout-bgp136.tst;success;evpn/pbb over ibgp rr
rout-bgp137.tst;success;evpn/pbb over confed bgp
rout-bgp138.tst;success;evpn/pbb over bgp route server
rout-bgp139.tst;success;multisite evpn/pbb over ibgp rr
rout-bgp140.tst;success;ethersite vpls/ldp over ibgp
rout-bgp141.tst;success;ethersite evpn/pbb over ibgp
rout-bgp142.tst;success;ethersite vpns over ibgp
rout-bgp143.tst;success;vpns over bgp with soft-reconfig
rout-bgp144.tst;success;vpls/ldp over bgp with soft-reconfig
rout-bgp145.tst;success;evpn/pbb over bgp with soft-reconfig
rout-bgp146.tst;success;unicast+vpns over bgp
rout-bgp147.tst;success;unicast+vpls/ldp over bgp
rout-bgp148.tst;success;unicast+evpn/pbb over bgp
rout-bgp149.tst;success;unicast+vpns over bgp with soft-reconfig
rout-bgp150.tst;success;unicast+vpls/ldp over bgp with soft-reconfig
rout-bgp151.tst;success;unicast+evpn/pbb over bgp with soft-reconfig
rout-bgp152.tst;success;unicast+vpns over bgp additional path
rout-bgp153.tst;success;unicast+vpls/ldp over bgp additional path
rout-bgp154.tst;success;unicast+evpn/pbb over bgp additional path
rout-bgp155.tst;success;bgp auto mesh tunnel
rout-bgp156.tst;success;vpns over bgp auto mesh tunnel
rout-bgp157.tst;success;vpls/ldp over bgp auto mesh tunnel
rout-bgp158.tst;success;evpn/pbb over bgp auto mesh tunnel
rout-bgp159.tst;success;vpls/bgp over ebgp
rout-bgp160.tst;success;vpls/bgp over ibgp
rout-bgp161.tst;success;vpls/bgp over bgp additional path
rout-bgp162.tst;success;vpls/bgp over ibgp rr
rout-bgp163.tst;success;vpls/bgp over confed bgp
rout-bgp164.tst;success;vpls/bgp over bgp route server
rout-bgp165.tst;success;multisite vpls/bgp over ibgp rr
rout-bgp166.tst;success;ethersite vpls/bgp over ibgp
rout-bgp167.tst;success;vpls/bgp over bgp with soft-reconfig
rout-bgp168.tst;success;unicast+vpls/bgp over bgp
rout-bgp169.tst;success;unicast+vpls/bgp over bgp with soft-reconfig
rout-bgp170.tst;success;unicast+vpls/bgp over bgp additional path
rout-bgp171.tst;success;vpls/bgp over bgp auto mesh tunnel
rout-bgp172.tst;success;vpls/ldp+vpls/bgp over bgp
rout-bgp173.tst;success;ibgp conquer rr in subnet
rout-bgp174.tst;success;ibgp conquer rr in subnet with soft-reconfig
rout-bgp175.tst;success;ibgp conquer rr prefix withdraw
rout-bgp176.tst;success;ibgp conquer rr prefix withdraw with soft-reconfig
rout-bgp177.tst;success;unicast+vpnmul over bgp
rout-bgp178.tst;success;unicast+mdt over bgp
rout-bgp179.tst;success;unicast+flowspec over bgp
rout-bgp180.tst;success;unicast+flowspecvpn over bgp
rout-bgp181.tst;success;unicast+vpnmul over bgp with soft-reconfig
rout-bgp182.tst;success;unicast+mdt over bgp with soft-reconfig
rout-bgp183.tst;success;unicast+flowspec over bgp with soft-reconfig
rout-bgp184.tst;success;unicast+flowspecvpn over bgp with soft-reconfig
rout-bgp185.tst;success;unicast+vpnmul over bgp with additional path
rout-bgp186.tst;success;unicast+mdt over bgp with additional path
rout-bgp187.tst;success;unicast+flowspec over bgp with additional path
rout-bgp188.tst;success;unicast+flowspecvpn over bgp with additional path
rout-bgp189.tst;success;evpn/vxlan over ebgp
rout-bgp190.tst;success;evpn/vxlan over ibgp
rout-bgp191.tst;success;evpn/vxlan over bgp additional path
rout-bgp192.tst;success;evpn/vxlan over ibgp rr
rout-bgp193.tst;success;evpn/vxlan over confed bgp
rout-bgp194.tst;success;evpn/vxlan over bgp route server
rout-bgp195.tst;success;multisite evpn/vxlan over ibgp rr
rout-bgp196.tst;success;ethersite evpn/vxlan over ibgp
rout-bgp197.tst;success;evpn/vxlan over bgp with soft-reconfig
rout-bgp198.tst;success;unicast+evpn/vxlan over bgp
rout-bgp199.tst;success;unicast+evpn/vxlan over bgp with soft-reconfig
rout-bgp200.tst;success;unicast+evpn/vxlan over bgp additional path
rout-bgp201.tst;success;evpn/vxlan over bgp auto mesh tunnel
rout-bgp202.tst;success;evpn/pbb+vpls/vxlan over ebgp
rout-bgp203.tst;success;evpn/cmac over ebgp
rout-bgp204.tst;success;evpn/cmac over ibgp
rout-bgp205.tst;success;evpn/cmac over bgp additional path
rout-bgp206.tst;success;evpn/cmac over ibgp rr
rout-bgp207.tst;success;evpn/cmac over confed bgp
rout-bgp208.tst;success;evpn/cmac over bgp route server
rout-bgp209.tst;success;multisite evpn/cmac over ibgp rr
rout-bgp210.tst;success;ethersite evpn/cmac over ibgp
rout-bgp211.tst;success;evpn/cmac over bgp with soft-reconfig
rout-bgp212.tst;success;unicast+evpn/cmac over bgp
rout-bgp213.tst;success;unicast+evpn/cmac over bgp with soft-reconfig
rout-bgp214.tst;success;unicast+evpn/cmac over bgp additional path
rout-bgp215.tst;success;evpn/cmac over bgp auto mesh tunnel
rout-bgp216.tst;success;evpn/pbb+vpls/cmac over ebgp
rout-bgp217.tst;success;ibgp with ttl-security
rout-bgp218.tst;success;ebgp with ttl-security
rout-bgp219.tst;success;bgp routemap filtering with large community
rout-bgp220.tst;success;bgp routemap filtering with large community with soft-reconfig
rout-bgp221.tst;success;bgp change in large community
rout-bgp222.tst;success;bgp change in large community with soft-reconfig
rout-bgp223.tst;success;bgp triangle connection
rout-bgp224.tst;success;bgp routemap filtering with aspath length
rout-bgp225.tst;success;bgp routepolicy filtering with aspath length
rout-bgp226.tst;success;bgp routemap filtering with aspath length with soft-reconfig
rout-bgp227.tst;success;bgp routepolicy filtering with aspath length with soft-reconfig
rout-bgp228.tst;success;bgp ingress route filtering with routepolicy
rout-bgp229.tst;success;bgp egress route filtering with routepolicy
rout-bgp230.tst;success;bgp routepolicy filtering with locpref
rout-bgp231.tst;success;bgp routepolicy filtering with origin
rout-bgp232.tst;success;bgp routepolicy filtering with metric
rout-bgp233.tst;success;bgp routepolicy filtering with aspath
rout-bgp234.tst;success;bgp routepolicy filtering with extended community
rout-bgp235.tst;success;bgp routepolicy filtering with aigp
rout-bgp236.tst;success;bgp routepolicy filtering with bandwidth
rout-bgp237.tst;success;bgp ingress route filtering with routepolicy with soft-reconfig
rout-bgp238.tst;success;bgp egress route filtering with routepolicy with soft-reconfig
rout-bgp239.tst;success;bgp routepolicy filtering with locpref with soft-reconfig
rout-bgp240.tst;success;bgp routepolicy filtering with origin with soft-reconfig
rout-bgp241.tst;success;bgp routepolicy filtering with metric with soft-reconfig
rout-bgp242.tst;success;bgp routepolicy filtering with standard community with soft-reconfig
rout-bgp243.tst;success;bgp routepolicy filtering with aspath with soft-reconfig
rout-bgp244.tst;success;bgp routepolicy filtering with extended community with soft-reconfig
rout-bgp245.tst;success;bgp routepolicy filtering with aigp with soft-reconfig
rout-bgp246.tst;success;bgp routepolicy filtering with bandwidth with soft-reconfig
rout-bgp247.tst;success;bgp routepolicy filtering with large community
rout-bgp248.tst;success;bgp routepolicy filtering with large community with soft-reconfig
rout-bgp249.tst;success;ebgp with nexthop tracking routepolicy
rout-bgp250.tst;success;ibgp with nexthop tracking routepolicy
rout-bgp251.tst;success;othervpns over ebgp
rout-bgp252.tst;success;othervpns over ibgp
rout-bgp253.tst;success;othervpns over bgp additional path
rout-bgp254.tst;success;othervpns over ibgp rr
rout-bgp255.tst;success;othervpns over confed bgp
rout-bgp256.tst;success;othervpns over bgp route server
rout-bgp257.tst;success;multisite othervpns over ibgp rr
rout-bgp258.tst;success;ethersite othervpns over ibgp
rout-bgp259.tst;success;othervpns over bgp with soft-reconfig
rout-bgp260.tst;success;unicast+othervpns over bgp
rout-bgp261.tst;success;unicast+othervpns over bgp with soft-reconfig
rout-bgp262.tst;success;unicast+othervpns over bgp additional path
rout-bgp263.tst;success;othervpns over bgp auto mesh tunnel
rout-bgp264.tst;success;unicast+mvpn over bgp
rout-bgp265.tst;success;unicast+mvpn over bgp with soft-reconfig
rout-bgp266.tst;success;unicast+mvpn over bgp with additional path
rout-bgp267.tst;success;unicast+othermvpn over bgp
rout-bgp268.tst;success;unicast+othermvpn over bgp with soft-reconfig
rout-bgp269.tst;success;unicast+othermvpn over bgp with additional path
rout-bgp270.tst;success;unicast+otherflowspecvpn over bgp
rout-bgp271.tst;success;unicast+otherflowspecvpn over bgp with soft-reconfig
rout-bgp272.tst;success;unicast+otherflowspecvpn over bgp with additional path
rout-bgp273.tst;success;unicast+othervpnmul over bgp
rout-bgp274.tst;success;unicast+othervpnmul over bgp with soft-reconfig
rout-bgp275.tst;success;unicast+othervpnmul over bgp with additional path
rout-bgp276.tst;success;unicast+multicast over bgp
rout-bgp277.tst;success;unicast+multicast over bgp with soft-reconfig
rout-bgp278.tst;success;unicast+multicast over bgp with additional path
rout-bgp279.tst;success;bgp csc vpn
rout-bgp280.tst;success;unicast+other over ebgp
rout-bgp281.tst;success;unicast+other over bgp with soft-reconfig
rout-bgp282.tst;success;unicast+other over bgp with additional path
rout-bgp283.tst;success;ebgp prefix movement
rout-bgp284.tst;success;confed bgp prefix movement
rout-bgp285.tst;success;ibgp rr prefix movement
rout-bgp286.tst;success;bgp route server prefix movement
rout-bgp287.tst;success;ibgp conquer rr prefix movement
rout-bgp288.tst;success;ibgp fullmesh prefix movement
rout-bgp289.tst;success;ebgp prefix movement with soft-reconfig
rout-bgp290.tst;success;confed bgp prefix movement with soft-reconfig
rout-bgp291.tst;success;ibgp rr prefix movement with soft-reconfig
rout-bgp292.tst;success;bgp route server prefix movement with soft-reconfig
rout-bgp293.tst;success;ibgp conquer rr prefix movement with soft-reconfig
rout-bgp294.tst;success;ibgp fullmesh prefix movement with soft-reconfig
rout-bgp295.tst;success;bgp csc othervpn
rout-bgp296.tst;success;bgp prefix hammering
rout-bgp297.tst;success;bgp csc vpn with ldp
rout-bgp298.tst;success;bgp csc othervpn with ldp
rout-bgp299.tst;success;unicast+mspw over bgp
rout-bgp300.tst;success;unicast+mspw over bgp with soft-reconfig
rout-bgp301.tst;success;unicast+mspw over bgp with additional path
rout-bgp302.tst;success;bgp with sr
rout-bgp303.tst;success;ebgp vpn client
rout-bgp304.tst;success;ibgp vpn client
rout-bgp305.tst;success;ebgp vpn client with soft-reconfig
rout-bgp306.tst;success;ibgp vpn client with soft-reconfig
rout-bgp307.tst;success;bgp symmetric compression
rout-bgp308.tst;success;bgp asymmetric compression
rout-bgp309.tst;success;bgp none compression
rout-bgp310.tst;success;bgp prefix packing
rout-bgp311.tst;success;ebgp with nexthop tracking interface
rout-bgp312.tst;success;ibgp with nexthop tracking interface
rout-bgp313.tst;success;bgp with bier
rout-bgp314.tst;success;bgp routemap filtering with rd
rout-bgp315.tst;success;bgp routepolicy filtering with rd
rout-bgp316.tst;success;bgp routemap filtering with rd with soft-reconfig
rout-bgp317.tst;success;bgp routepolicy filtering with rd with soft-reconfig
rout-bgp318.tst;success;bgp routemap filtering with afi
rout-bgp319.tst;success;bgp routepolicy filtering with afi
rout-bgp320.tst;success;bgp routemap filtering with afi with soft-reconfig
rout-bgp321.tst;success;bgp routepolicy filtering with afi with soft-reconfig
rout-bgp322.tst;success;bgp hard reset
rout-bgp323.tst;success;bgp hard reset with soft-reconfig
rout-bgp324.tst;success;bgp soft in reset
rout-bgp325.tst;success;bgp soft in reset with soft-reconfig
rout-bgp326.tst;success;bgp soft out reset
rout-bgp327.tst;success;bgp soft out reset with soft-reconfig
rout-bgp328.tst;success;unicast+srte over bgp
rout-bgp329.tst;success;unicast+srte over bgp with soft-reconfig
rout-bgp330.tst;success;unicast+srte over bgp with additional path
rout-bgp331.tst;success;bgp interas vpn with asbr peering
rout-bgp332.tst;success;bgp interas vpn with rr peering
rout-bgp333.tst;success;bgp interas othervpn with asbr peering
rout-bgp334.tst;success;bgp interas othervpn with rr peering
rout-bgp335.tst;success;bgp interas csc vpn with asbr peering
rout-bgp336.tst;success;bgp interas csc vpn with rr peering
rout-bgp337.tst;success;bgp dual core vpn
rout-bgp338.tst;success;bgp dual core csc vpn
rout-bgp339.tst;success;bgp hub and spoke vpn multiple rt import
rout-bgp340.tst;success;bgp hub and spoke vpn multiple rt export
rout-bgp341.tst;success;bgp vpn with export list
rout-bgp342.tst;success;bgp vpn with import list
rout-bgp343.tst;success;bgp vpn with export map
rout-bgp344.tst;success;bgp vpn with import map
rout-bgp345.tst;success;bgp vpn with export policy
rout-bgp346.tst;success;bgp vpn with import policy
rout-bgp347.tst;success;vpns over srv6 over ibgp
rout-bgp348.tst;success;evpn/pbb over srv6 over ibgp
rout-bgp349.tst;success;evpn/cmac over srv6 over ibgp
rout-bgp350.tst;success;unicast+other over ibgp
rout-bgp351.tst;success;unicast+other over ibgp rr
rout-bgp352.tst;success;unicast+other over confed bgp
rout-bgp353.tst;success;unicast+other over bgp route server
rout-bgp354.tst;success;other over srv6 over ibgp
rout-bgp355.tst;success;vpns over srv6 over ebgp
rout-bgp356.tst;success;evpn/pbb over srv6 over ebgp
rout-bgp357.tst;success;evpn/cmac over srv6 over ebgp
rout-bgp358.tst;success;other over srv6 over ebgp
rout-bgp359.tst;success;vpns over srv6 over ibgp rr
rout-bgp360.tst;success;evpn/pbb over srv6 over ibgp rr
rout-bgp361.tst;success;evpn/cmac over srv6 over ibgp rr
rout-bgp362.tst;success;other over srv6 over ibgp rr
rout-bgp363.tst;success;vpns over srv6 over confed bgp
rout-bgp364.tst;success;evpn/pbb over srv6 over confed bgp
rout-bgp365.tst;success;evpn/cmac over srv6 over confed bgp
rout-bgp366.tst;success;other over srv6 over confed bgp
rout-bgp367.tst;success;vpns over srv6 over bgp route server
rout-bgp368.tst;success;evpn/pbb over srv6 over bgp route server
rout-bgp369.tst;success;evpn/cmac over srv6 over bgp route server
rout-bgp370.tst;success;other over srv6 over bgp route server
rout-bgp371.tst;success;vpns over srv6 over bgp with soft-reconfig
rout-bgp372.tst;success;evpn/pbb over srv6 over bgp with soft-reconfig
rout-bgp373.tst;success;evpn/cmac over srv6 over bgp with soft-reconfig
rout-bgp374.tst;success;other over srv6 over bgp with soft-reconfig
rout-bgp375.tst;success;vpns over srv6 over bgp additional path
rout-bgp376.tst;success;evpn/pbb over srv6 over bgp additional path
rout-bgp377.tst;success;evpn/cmac over srv6 over bgp additional path
rout-bgp378.tst;success;other over srv6 over bgp additional path
rout-bgp379.tst;success;evpn/vpws over ebgp
rout-bgp380.tst;success;evpn/vpws over ibgp
rout-bgp381.tst;success;evpn/vpws over bgp additional path
rout-bgp382.tst;success;evpn/vpws over ibgp rr
rout-bgp383.tst;success;evpn/vpws over confed bgp
rout-bgp384.tst;success;evpn/vpws over bgp route server
rout-bgp385.tst;success;ethersite evpn/vpws over ibgp
rout-bgp386.tst;success;evpn/vpws over bgp with soft-reconfig
rout-bgp387.tst;success;unicast+evpn/vpws over bgp
rout-bgp388.tst;success;unicast+evpn/vpws over bgp with soft-reconfig
rout-bgp389.tst;success;unicast+evpn/vpws over bgp additional path
rout-bgp390.tst;success;evpn/vpws over bgp auto mesh tunnel
rout-bgp391.tst;success;evpn/vpws over srv6 over ibgp
rout-bgp392.tst;success;evpn/vpws over srv6 over ebgp
rout-bgp393.tst;success;evpn/vpws over srv6 over ibgp rr
rout-bgp394.tst;success;evpn/vpws over srv6 over confed bgp
rout-bgp395.tst;success;evpn/vpws over srv6 over bgp route server
rout-bgp396.tst;success;evpn/vpws over srv6 over bgp with soft-reconfig
rout-bgp397.tst;success;evpn/vpws over srv6 over bgp additional path
rout-bgp398.tst;success;unified mpls with ldp
rout-bgp399.tst;success;unified mpls with sr
rout-bgp400.tst;success;ebgp with php labels
rout-bgp401.tst;success;ibgp with php labels
rout-bgp402.tst;success;bgp additional path with php labels
rout-bgp403.tst;success;ibgp rr with labels
rout-bgp404.tst;success;confed bgp with labels
rout-bgp405.tst;success;bgp route server with labels
rout-bgp406.tst;success;bgp soft-reconfig with labels
rout-bgp407.tst;success;bgp remove private as in with routemap
rout-bgp408.tst;success;bgp remove private as out with routemap
rout-bgp409.tst;success;bgp remove private as in with routepolicy
rout-bgp410.tst;success;bgp remove private as out with routepolicy
rout-bgp411.tst;success;bgp with srgb sr
rout-bgp412.tst;success;bgp over point2point ethernet
rout-eigrp01.tst;success;eigrp point2point connection
rout-eigrp02.tst;success;eigrp point2multipoint connection
rout-eigrp03.tst;success;eigrp point2point chain
rout-eigrp04.tst;success;eigrp ingress delay
rout-eigrp05.tst;success;eigrp egress delay
rout-eigrp06.tst;success;eigrp address suppression
rout-eigrp07.tst;success;eigrp ingress route filtering with prefixlist
rout-eigrp08.tst;success;eigrp egress route filtering with prefixlist
rout-eigrp09.tst;success;eigrp ingress route filtering with routemap
rout-eigrp10.tst;success;eigrp egress route filtering with routemap
rout-eigrp11.tst;success;eigrp ingress route filtering with routepolicy
rout-eigrp12.tst;success;eigrp egress route filtering with routepolicy
rout-eigrp13.tst;success;eigrp default route
rout-eigrp14.tst;success;eigrp with bfd
rout-eigrp15.tst;success;eigrp peer template
rout-eigrp16.tst;success;eigrp prefix withdraw
rout-eigrp17.tst;success;eigrp aggregation
rout-eigrp18.tst;success;eigrp auto mesh tunnel
rout-eigrp19.tst;success;eigrp stub
rout-eigrp20.tst;success;eigrp triangle connection
rout-eigrp21.tst;success;eigrp autoroute
rout-eigrp22.tst;success;eigrp over point2point ethernet
rout-isis01.tst;success;isis over ethernet
rout-isis02.tst;success;isis over ethernet vlan
rout-isis03.tst;success;isis over ethernet bridge
rout-isis04.tst;success;isis over hdlc
rout-isis05.tst;success;isis over ppp
rout-isis06.tst;success;isis over framerelay
rout-isis07.tst;success;isis over atmdxi
rout-isis08.tst;success;isis over gre
rout-isis09.tst;success;isis narrow metric
rout-isis10.tst;success;isis overload
rout-isis11.tst;success;isis attached
rout-isis12.tst;success;isis chain of broadcast nets
rout-isis13.tst;success;isis broadcast subnet
rout-isis14.tst;success;isis updown bit
rout-isis15.tst;success;isis updown bit with narrow metric
rout-isis16.tst;success;isis address suppression
rout-isis17.tst;success;isis inter-level routes
rout-isis18.tst;success;isis authentication
rout-isis19.tst;success;isis intra level metric
rout-isis20.tst;success;isis external metric
rout-isis21.tst;success;isis external narrow metric
rout-isis22.tst;success;isis external metric vs intra level metric
rout-isis23.tst;success;isis inter level ingress filtering with prefixlist
rout-isis24.tst;success;isis inter level egress filtering with prefixlist
rout-isis25.tst;success;isis inter level ingress filtering with routemap
rout-isis26.tst;success;isis inter level egress filtering with routemap
rout-isis27.tst;success;isis inter level ingress filtering with routepolicy
rout-isis28.tst;success;isis inter level egress filtering with routepolicy
rout-isis29.tst;success;isis default route
rout-isis30.tst;success;isis with bfd
rout-isis31.tst;success;isis with te
rout-isis32.tst;success;isis peer template
rout-isis33.tst;success;isis chain of broadcast nets with narrow metric
rout-isis34.tst;success;isis broadcast subnet with narrow metric
rout-isis35.tst;success;isis multi-topology
rout-isis36.tst;success;isis updown bit with multi-topology
rout-isis37.tst;success;isis external multi-topology
rout-isis38.tst;success;isis multi-topology with te
rout-isis39.tst;success;isis chain of broadcast nets with multi-topology
rout-isis40.tst;success;isis broadcast subnet with multi-topology
rout-isis41.tst;success;isis with sr
rout-isis42.tst;success;isis inter-level with sr
rout-isis43.tst;success;isis multi-topology with sr
rout-isis44.tst;success;isis prefix withdraw
rout-isis45.tst;success;isis change in metric
rout-isis46.tst;success;isis aggregate
rout-isis47.tst;success;isis auto mesh tunnel
rout-isis48.tst;success;isis triangle connection
rout-isis49.tst;success;isis prefix movement
rout-isis50.tst;success;isis with bier
rout-isis51.tst;success;isis inter-level with bier
rout-isis52.tst;success;isis multi-topology with bier
rout-isis53.tst;success;isis autoroute
rout-isis54.tst;success;isis lsp authentication
rout-isis55.tst;success;isis change in tag
rout-isis56.tst;success;isis multi-topology change in tag
rout-isis57.tst;success;isis with php sr
rout-isis58.tst;success;isis with srgb sr
rout-isis59.tst;success;isis over point2point ethernet
rout-lsrp01.tst;success;lsrp point2point connection
rout-lsrp02.tst;success;lsrp point2multipoint connection
rout-lsrp03.tst;success;lsrp point2point chain
rout-lsrp04.tst;success;lsrp metric
rout-lsrp05.tst;success;lsrp address suppression
rout-lsrp06.tst;success;lsrp route filtering with prefixlist
rout-lsrp07.tst;success;lsrp route filtering with routemap
rout-lsrp08.tst;success;lsrp route filtering with routepolicy
rout-lsrp09.tst;success;lsrp tag
rout-lsrp10.tst;success;lsrp default route
rout-lsrp11.tst;success;lsrp with bfd
rout-lsrp12.tst;success;lsrp authentication
rout-lsrp13.tst;success;lsrp ssh encryption
rout-lsrp14.tst;success;lsrp tls encryption
rout-lsrp15.tst;success;lsrp peer template
rout-lsrp16.tst;success;lsrp with sr
rout-lsrp17.tst;success;lsrp prefix withdraw
rout-lsrp18.tst;success;lsrp change in metric
rout-lsrp19.tst;success;lsrp change in tag
rout-lsrp20.tst;success;lsrp auto mesh tunnel
rout-lsrp21.tst;success;lsrp triangle connection
rout-lsrp22.tst;success;lsrp prefix movement
rout-lsrp23.tst;success;lsrp with bier
rout-lsrp24.tst;success;lsrp autoroute
rout-lsrp25.tst;success;lsrp stub node
rout-lsrp26.tst;success;lsrp stub interface
rout-lsrp27.tst;success;lsrp unstub interface
rout-lsrp28.tst;success;lsrp default address suppression
rout-lsrp29.tst;success;lsrp address unsuppression
rout-lsrp30.tst;success;lsrp with php sr
rout-lsrp31.tst;success;lsrp with srgb sr
rout-lsrp32.tst;success;lsrp over point2point ethernet
rout-lsrp33.tst;success;lsrp with selective sr
rout-lsrp34.tst;success;lsrp with selective bier
rout-lsrp35.tst;success;lsrp peer metric
rout-mcast01.tst;success;multicast routing with static flooding
rout-mcast02.tst;success;multicast routing with pim ssm
rout-mcast03.tst;success;multicast routing with igmp/mld
rout-mcast04.tst;success;multicast routing with mldp
rout-mcast05.tst;success;multicast between pim and mldp
rout-mcast06.tst;success;multicast vpn routing with mldp
rout-mcast07.tst;success;multicast vpn between pim and mldp
rout-mcast08.tst;success;multicast othervpn routing with mldp
rout-mcast09.tst;success;multicast othervpn between pim and mldp
rout-mcast10.tst;success;multicast routing ttl treshold
rout-mcast11.tst;success;multicast routing decoupled from unicast
rout-mcast12.tst;success;multicast routing with pim join source
rout-mcast13.tst;success;multicast routing with pim over bier
rout-mcast14.tst;success;multicast between pim and pim over bier
rout-olsr01.tst;success;olsr on one subnet
rout-olsr02.tst;success;olsr in chain
rout-olsr03.tst;success;olsr ingress route filtering with prefixlist
rout-olsr04.tst;success;olsr egress route filtering with prefixlist
rout-olsr05.tst;success;olsr ingress route filtering with routemap
rout-olsr06.tst;success;olsr egress route filtering with routemap
rout-olsr07.tst;success;olsr ingress route filtering with routepolicy
rout-olsr08.tst;success;olsr egress route filtering with routepolicy
rout-olsr09.tst;success;olsr max metric
rout-olsr10.tst;success;olsr address suppression
rout-olsr11.tst;success;olsr default route
rout-olsr12.tst;success;olsr incoming interface metric
rout-olsr13.tst;success;olsr outgoing interface metric
rout-olsr14.tst;success;olsr incoming metric with routemap
rout-olsr15.tst;success;olsr outgoing metric with routemap
rout-olsr16.tst;success;olsr incoming metric with routepolicy
rout-olsr17.tst;success;olsr outgoing metric with routepolicy
rout-olsr18.tst;success;olsr with bfd
rout-olsr19.tst;success;olsr peer template
rout-olsr20.tst;success;olsr prefix withdraw
rout-olsr21.tst;success;olsr aggregation
rout-olsr22.tst;success;olsr auto mesh tunnel
rout-olsr23.tst;success;olsr triangle connection
rout-olsr24.tst;success;olsr autoroute
rout-olsr25.tst;success;olsr over point2point ethernet
rout-ospf01.tst;success;ospf point2point connection
rout-ospf02.tst;success;ospf point2multipoint connection
rout-ospf03.tst;success;ospf point2multipoint nonbroadcast connection
rout-ospf04.tst;success;ospf broadcast connection
rout-ospf05.tst;success;ospf nonbroadcast connection
rout-ospf06.tst;success;ospf point2point chain
rout-ospf07.tst;success;ospf broadcast chain
rout-ospf08.tst;success;ospf stub area
rout-ospf09.tst;success;ospf nssa area
rout-ospf10.tst;success;ospf transit area
rout-ospf11.tst;success;ospf intra area metric
rout-ospf12.tst;success;ospf intra area vs inter area
rout-ospf13.tst;success;ospf inter area vs external
rout-ospf14.tst;success;ospf external1 vs external2
rout-ospf15.tst;success;ospf external1 metric
rout-ospf16.tst;success;ospf external2 metric
rout-ospf17.tst;success;ospf address suppression
rout-ospf18.tst;success;ospf authentication
rout-ospf19.tst;success;ospf inter area ingress filtering with prefixlist
rout-ospf20.tst;success;ospf inter area ingress filtering with routemap
rout-ospf21.tst;success;ospf inter area egress filtering with prefixlist
rout-ospf22.tst;success;ospf inter area egress filtering with routemap
rout-ospf23.tst;success;ospf inter area ingress filtering with routepolicy
rout-ospf24.tst;success;ospf inter area egress filtering with routepolicy
rout-ospf25.tst;success;ospf default route
rout-ospf26.tst;success;ospf with bfd
rout-ospf27.tst;success;ospf with te
rout-ospf28.tst;success;ospf peer template
rout-ospf29.tst;success;ospf with sr
rout-ospf30.tst;success;ospf transit area with sr
rout-ospf31.tst;success;ospf prefix withdraw
rout-ospf32.tst;success;ospf change in metric
rout-ospf33.tst;success;ospf change in tag
rout-ospf34.tst;success;ospf aggregate
rout-ospf35.tst;success;ospf auto mesh tunnel
rout-ospf36.tst;success;ospf triangle connection
rout-ospf37.tst;success;ospf prefix movement
rout-ospf38.tst;success;ospf with bier
rout-ospf39.tst;success;ospf transit area with bier
rout-ospf40.tst;success;ospf autoroute
rout-ospf41.tst;success;ospf with php sr
rout-ospf42.tst;success;ospf with srgb sr
rout-ospf43.tst;success;ospf over point2point ethernet
rout-ospf44.tst;success;ospf multi area
rout-ospf45.tst;success;ospf asymmetric multi area
rout-pbr01.tst;success;policy routing with nexthop
rout-pbr02.tst;success;policy routing with interface and nexthop between vrfs
rout-pbr03.tst;success;policy routing with interface and nexthop
rout-pbr04.tst;success;policy routing between vrfs with routing
rout-pbr05.tst;success;policy routing with nexthop on interface
rout-pbr06.tst;success;policy routing with nexthop on interface between vrfs
rout-pvrp01.tst;success;pvrp point2point connection
rout-pvrp02.tst;success;pvrp point2multipoint connection
rout-pvrp03.tst;success;pvrp point2point chain
rout-pvrp04.tst;success;pvrp incoming interface metric
rout-pvrp05.tst;success;pvrp outgoing interface metric
rout-pvrp06.tst;success;pvrp incoming routemap metric
rout-pvrp07.tst;success;pvrp outgoing routemap metric
rout-pvrp08.tst;success;pvrp incoming routepolicy metric
rout-pvrp09.tst;success;pvrp outgoing routepolicy metric
rout-pvrp10.tst;success;pvrp address suppression
rout-pvrp11.tst;success;pvrp ingress route filtering with prefixlist
rout-pvrp12.tst;success;pvrp egress route filtering with prefixlist
rout-pvrp13.tst;success;pvrp ingress route filtering with routemap
rout-pvrp14.tst;success;pvrp egress route filtering with routemap
rout-pvrp15.tst;success;pvrp ingress route filtering with routepolicy
rout-pvrp16.tst;success;pvrp egress route filtering with routepolicy
rout-pvrp17.tst;success;pvrp tag
rout-pvrp18.tst;success;pvrp default route
rout-pvrp19.tst;success;pvrp with bfd
rout-pvrp20.tst;success;pvrp authentication
rout-pvrp21.tst;success;pvrp ssh encryption
rout-pvrp22.tst;success;pvrp tls encryption
rout-pvrp23.tst;success;pvrp peer template
rout-pvrp24.tst;success;pvrp with labels
rout-pvrp25.tst;success;pvrp prefix withdraw
rout-pvrp26.tst;success;pvrp aggregation
rout-pvrp27.tst;success;pvrp auto mesh tunnel
rout-pvrp28.tst;success;pvrp triangle connection
rout-pvrp29.tst;success;pvrp prefix movement
rout-pvrp30.tst;success;pvrp autoroute
rout-pvrp31.tst;success;pvrp default address suppression
rout-pvrp32.tst;success;pvrp address unsuppression
rout-pvrp33.tst;success;pvrp with php labels
rout-pvrp34.tst;success;ingress label filtering with pvrp
rout-pvrp35.tst;success;egress label filtering with pvrp
rout-pvrp36.tst;success;pvrp stub node
rout-pvrp37.tst;success;pvrp stub interface
rout-pvrp38.tst;success;pvrp unstub interface
rout-pvrp39.tst;success;pvrp over point2point ethernet
rout-pvrp40.tst;success;pvrp peer metric
rout-redist01.tst;success;redistribution with isis
rout-redist02.tst;success;redistribution with ospf
rout-redist03.tst;success;redistribution with rip
rout-redist04.tst;success;redistribution with bgp
rout-redist05.tst;success;redistribution with bgp vpn
rout-redist06.tst;success;redistribution with bgp othervpn
rout-redist07.tst;success;redistribution with pvrp
rout-redist08.tst;success;redistribution with eigrp
rout-redist09.tst;success;redistribution with babel
rout-redist10.tst;success;redistribution with olsr
rout-redist11.tst;success;redistribution with lsrp
rout-redist12.tst;success;redistribution filtering with prefixlist
rout-redist13.tst;success;redistribution filtering with routemap
rout-redist14.tst;success;redistribution filtering with hierarchical routemap
rout-redist15.tst;success;redistribution filtering with routepolicy
rout-redist16.tst;success;redistribution filtering with hierarchical routepolicy
rout-redist17.tst;success;redistribution with prefixes
rout-redist18.tst;success;redistribution with everything
rout-redist19.tst;success;redistribution prefix withdraw
rout-redist20.tst;success;redistribution change in metric
rout-redist21.tst;success;redistribution prefix movement
rout-redist22.tst;success;redistribution with mobile
rout-redist23.tst;success;redistribution with deaggr
rout-redist24.tst;success;conditional redistribution with routemap
rout-redist25.tst;success;conditional redistribution with routepolicy
rout-redist26.tst;success;redistribution with interfaces
rout-redist27.tst;success;redistribution with metric
rout-rip01.tst;success;rip on one subnet
rout-rip02.tst;success;rip in chain
rout-rip03.tst;success;rip ingress route filtering with prefixlist
rout-rip04.tst;success;rip egress route filtering with prefixlist
rout-rip05.tst;success;rip ingress route filtering with routemap
rout-rip06.tst;success;rip egress route filtering with routemap
rout-rip07.tst;success;rip ingress route filtering with routepolicy
rout-rip08.tst;success;rip egress route filtering with routepolicy
rout-rip09.tst;success;rip hop count
rout-rip10.tst;success;rip tag
rout-rip11.tst;success;rip address suppression
rout-rip12.tst;success;rip default route
rout-rip13.tst;success;rip authentication
rout-rip14.tst;success;rip incoming interface metric
rout-rip15.tst;success;rip outgoing interface metric
rout-rip16.tst;success;rip incoming routemap metric
rout-rip17.tst;success;rip outgoing routemap metric
rout-rip18.tst;success;rip incoming routepolicy metric
rout-rip19.tst;success;rip outgoing routepolicy metric
rout-rip20.tst;success;rip with bfd
rout-rip21.tst;success;rip peer template
rout-rip22.tst;success;rip prefix withdraw
rout-rip23.tst;success;rip aggregation
rout-rip24.tst;success;rip auto mesh tunnel
rout-rip25.tst;success;rip triangle connection
rout-rip26.tst;success;rip autoroute
rout-rip27.tst;success;rip over point2point ethernet
rout-static01.tst;success;static routing
rout-static02.tst;success;static routing with distance
rout-static03.tst;success;static routing with icmp tracker
rout-static04.tst;success;static routing with tcp tracker
rout-static05.tst;success;static routing with bfd tracker
rout-static06.tst;success;static routing with labels
rout-static07.tst;success;static routing with interface
rout-static08.tst;success;static routing over point2point ethernet
rout-static09.tst;success;recursive static routing
rout-static10.tst;success;recursive static routing with labels
serv-dns01.tst;success;authoritative dns server
serv-dns02.tst;success;recursive dns server
serv-dns03.tst;success;relaying dns server
serv-dns04.tst;success;dns64 server
serv-dyndest.tst;success;dynamic tunnel destination
serv-eventmgr.tst;success;event manager
serv-forward.tst;success;forwarder server
serv-loadbal.tst;success;load balancer server
serv-proxy.tst;success;proxy server
serv-radius.tst;success;radius server
serv-scheduler.tst;success;scheduler
serv-socks4.tst;success;socks4 server
serv-socks5.tst;success;socks5 server
serv-tacacs.tst;success;tacacs server
serv-udpforward.tst;success;udp forwarder server
