url;file;result;test
-;-;-;freeRouter v25.8.27-cur, done by sprscc13@mrn0b0dy.
-;-;-;2025-08-27 21:08:17, took 00:12:02, with 50 workers, on 844 cases, 0 failed, 0 traces, 1 retries
-;-;-;./rtr.bin, udp
http://sources.freertr.org/cfg/p4lang-acl001.tst;p4lang-acl001.tst;success;p4lang: copp
http://sources.freertr.org/cfg/p4lang-acl002.tst;p4lang-acl002.tst;success;p4lang: ingress access list
http://sources.freertr.org/cfg/p4lang-acl003.tst;p4lang-acl003.tst;success;p4lang: egress access list
http://sources.freertr.org/cfg/p4lang-acl004.tst;p4lang-acl004.tst;success;p4lang: nat
http://sources.freertr.org/cfg/p4lang-acl005.tst;p4lang-acl005.tst;success;p4lang: vlan ingress access list
http://sources.freertr.org/cfg/p4lang-acl006.tst;p4lang-acl006.tst;success;p4lang: vlan egress access list
http://sources.freertr.org/cfg/p4lang-acl007.tst;p4lang-acl007.tst;success;p4lang: bundle ingress access list
http://sources.freertr.org/cfg/p4lang-acl008.tst;p4lang-acl008.tst;success;p4lang: bundle egress access list
http://sources.freertr.org/cfg/p4lang-acl009.tst;p4lang-acl009.tst;success;p4lang: bundle vlan ingress access list
http://sources.freertr.org/cfg/p4lang-acl010.tst;p4lang-acl010.tst;success;p4lang: bundle vlan egress access list
http://sources.freertr.org/cfg/p4lang-acl011.tst;p4lang-acl011.tst;success;p4lang: bridge ingress access list
http://sources.freertr.org/cfg/p4lang-acl012.tst;p4lang-acl012.tst;success;p4lang: bridge egress access list
http://sources.freertr.org/cfg/p4lang-acl013.tst;p4lang-acl013.tst;success;p4lang: vlan bridge ingress access list
http://sources.freertr.org/cfg/p4lang-acl014.tst;p4lang-acl014.tst;success;p4lang: vlan bridge egress access list
http://sources.freertr.org/cfg/p4lang-acl015.tst;p4lang-acl015.tst;success;p4lang: ingress pppoe access list
http://sources.freertr.org/cfg/p4lang-acl016.tst;p4lang-acl016.tst;success;p4lang: egress pppoe access list
http://sources.freertr.org/cfg/p4lang-acl017.tst;p4lang-acl017.tst;success;p4lang: ingress vlan pppoe access list
http://sources.freertr.org/cfg/p4lang-acl018.tst;p4lang-acl018.tst;success;p4lang: egress vlan pppoe access list
http://sources.freertr.org/cfg/p4lang-acl019.tst;p4lang-acl019.tst;success;p4lang: hairpin ingress access list
http://sources.freertr.org/cfg/p4lang-acl020.tst;p4lang-acl020.tst;success;p4lang: hairpin egress access list
http://sources.freertr.org/cfg/p4lang-acl021.tst;p4lang-acl021.tst;success;p4lang: hairpin vlan ingress access list
http://sources.freertr.org/cfg/p4lang-acl022.tst;p4lang-acl022.tst;success;p4lang: hairpin vlan egress access list
http://sources.freertr.org/cfg/p4lang-acl023.tst;p4lang-acl023.tst;success;p4lang: hairpin pppoe ingress access list
http://sources.freertr.org/cfg/p4lang-acl024.tst;p4lang-acl024.tst;success;p4lang: hairpin pppoe egress access list
http://sources.freertr.org/cfg/p4lang-acl025.tst;p4lang-acl025.tst;success;p4lang: hairpin vlan pppoe ingress access list
http://sources.freertr.org/cfg/p4lang-acl026.tst;p4lang-acl026.tst;success;p4lang: hairpin vlan pppoe egress access list
http://sources.freertr.org/cfg/p4lang-acl027.tst;p4lang-acl027.tst;success;p4lang: ingress gre access list
http://sources.freertr.org/cfg/p4lang-acl028.tst;p4lang-acl028.tst;success;p4lang: egress gre access list
http://sources.freertr.org/cfg/p4lang-acl029.tst;p4lang-acl029.tst;success;p4lang: ingress vlan gre access list
http://sources.freertr.org/cfg/p4lang-acl030.tst;p4lang-acl030.tst;success;p4lang: egress vlan gre access list
http://sources.freertr.org/cfg/p4lang-acl031.tst;p4lang-acl031.tst;success;p4lang: ingress l2tp access list
http://sources.freertr.org/cfg/p4lang-acl032.tst;p4lang-acl032.tst;success;p4lang: egress l2tp access list
http://sources.freertr.org/cfg/p4lang-acl033.tst;p4lang-acl033.tst;success;p4lang: ingress vlan l2tp access list
http://sources.freertr.org/cfg/p4lang-acl034.tst;p4lang-acl034.tst;success;p4lang: egress vlan l2tp access list
http://sources.freertr.org/cfg/p4lang-acl035.tst;p4lang-acl035.tst;success;p4lang: ingress ipip access list
http://sources.freertr.org/cfg/p4lang-acl036.tst;p4lang-acl036.tst;success;p4lang: egress ipip access list
http://sources.freertr.org/cfg/p4lang-acl037.tst;p4lang-acl037.tst;success;p4lang: ingress vlan ipip access list
http://sources.freertr.org/cfg/p4lang-acl038.tst;p4lang-acl038.tst;success;p4lang: egress vlan ipip access list
http://sources.freertr.org/cfg/p4lang-acl039.tst;p4lang-acl039.tst;success;p4lang: ingress common access list
http://sources.freertr.org/cfg/p4lang-acl040.tst;p4lang-acl040.tst;success;p4lang: egress common access list
http://sources.freertr.org/cfg/p4lang-acl041.tst;p4lang-acl041.tst;success;p4lang: ingress hybrid access list
http://sources.freertr.org/cfg/p4lang-acl042.tst;p4lang-acl042.tst;success;p4lang: egress hybrid access list
http://sources.freertr.org/cfg/p4lang-acl043.tst;p4lang-acl043.tst;success;p4lang: ingress hierarchical access list
http://sources.freertr.org/cfg/p4lang-acl044.tst;p4lang-acl044.tst;success;p4lang: egress hierarchical access list
http://sources.freertr.org/cfg/p4lang-acl045.tst;p4lang-acl045.tst;success;p4lang: ingress policer
http://sources.freertr.org/cfg/p4lang-acl046.tst;p4lang-acl046.tst;success;p4lang: egress policer
http://sources.freertr.org/cfg/p4lang-acl047.tst;p4lang-acl047.tst;success;p4lang: vlan ingress policer
http://sources.freertr.org/cfg/p4lang-acl048.tst;p4lang-acl048.tst;success;p4lang: vlan egress policer
http://sources.freertr.org/cfg/p4lang-acl049.tst;p4lang-acl049.tst;success;p4lang: transmit flowspec
http://sources.freertr.org/cfg/p4lang-acl050.tst;p4lang-acl050.tst;success;p4lang: drop flowspec
http://sources.freertr.org/cfg/p4lang-acl051.tst;p4lang-acl051.tst;success;p4lang: policer flowspec
http://sources.freertr.org/cfg/p4lang-acl052.tst;p4lang-acl052.tst;success;p4lang: priority flowspec
http://sources.freertr.org/cfg/p4lang-acl053.tst;p4lang-acl053.tst;success;p4lang: ingress amt access list
http://sources.freertr.org/cfg/p4lang-acl054.tst;p4lang-acl054.tst;success;p4lang: egress amt access list
http://sources.freertr.org/cfg/p4lang-acl055.tst;p4lang-acl055.tst;success;p4lang: ingress reflexive access list
http://sources.freertr.org/cfg/p4lang-acl056.tst;p4lang-acl056.tst;success;p4lang: egress reflexive access list
http://sources.freertr.org/cfg/p4lang-acl057.tst;p4lang-acl057.tst;success;p4lang: interface inspection with egress drop
http://sources.freertr.org/cfg/p4lang-acl058.tst;p4lang-acl058.tst;success;p4lang: interface inspection with ingress drop
http://sources.freertr.org/cfg/p4lang-acl059.tst;p4lang-acl059.tst;success;p4lang: vlan interface inspection with egress drop
http://sources.freertr.org/cfg/p4lang-acl060.tst;p4lang-acl060.tst;success;p4lang: vlan interface inspection with ingress drop
http://sources.freertr.org/cfg/p4lang-acl061.tst;p4lang-acl061.tst;success;p4lang: bridge interface inspection with ingress drop
http://sources.freertr.org/cfg/p4lang-acl062.tst;p4lang-acl062.tst;success;p4lang: bridge interface inspection with egress drop
http://sources.freertr.org/cfg/p4lang-acl063.tst;p4lang-acl063.tst;success;p4lang: pppoe interface inspection with ingress drop
http://sources.freertr.org/cfg/p4lang-acl064.tst;p4lang-acl064.tst;success;p4lang: pppoe interface inspection with egress drop
http://sources.freertr.org/cfg/p4lang-acl065.tst;p4lang-acl065.tst;success;p4lang: gre interface inspection with ingress drop
http://sources.freertr.org/cfg/p4lang-acl066.tst;p4lang-acl066.tst;success;p4lang: gre interface inspection with egress drop
http://sources.freertr.org/cfg/p4lang-acl067.tst;p4lang-acl067.tst;success;p4lang: l2tp interface inspection with ingress drop
http://sources.freertr.org/cfg/p4lang-acl068.tst;p4lang-acl068.tst;success;p4lang: l2tp interface inspection with egress drop
http://sources.freertr.org/cfg/p4lang-acl069.tst;p4lang-acl069.tst;success;p4lang: interface verify source
http://sources.freertr.org/cfg/p4lang-acl070.tst;p4lang-acl070.tst;success;p4lang: vlan interface verify source
http://sources.freertr.org/cfg/p4lang-acl071.tst;p4lang-acl071.tst;success;p4lang: bridge interface verify source
http://sources.freertr.org/cfg/p4lang-acl072.tst;p4lang-acl072.tst;success;p4lang: pppoe interface verify source
http://sources.freertr.org/cfg/p4lang-acl073.tst;p4lang-acl073.tst;success;p4lang: gre interface verify source
http://sources.freertr.org/cfg/p4lang-acl074.tst;p4lang-acl074.tst;success;p4lang: l2tp interface verify source
http://sources.freertr.org/cfg/p4lang-acl075.tst;p4lang-acl075.tst;success;p4lang: interface loose verify source
http://sources.freertr.org/cfg/p4lang-acl076.tst;p4lang-acl076.tst;success;p4lang: vlan interface loose verify source
http://sources.freertr.org/cfg/p4lang-acl077.tst;p4lang-acl077.tst;success;p4lang: bridge interface loose verify source
http://sources.freertr.org/cfg/p4lang-acl078.tst;p4lang-acl078.tst;success;p4lang: pppoe interface loose verify source
http://sources.freertr.org/cfg/p4lang-acl079.tst;p4lang-acl079.tst;success;p4lang: gre interface loose verify source
http://sources.freertr.org/cfg/p4lang-acl080.tst;p4lang-acl080.tst;success;p4lang: l2tp interface loose verify source
http://sources.freertr.org/cfg/p4lang-acl081.tst;p4lang-acl081.tst;success;p4lang: ingress gtp access list
http://sources.freertr.org/cfg/p4lang-acl082.tst;p4lang-acl082.tst;success;p4lang: egress gtp access list
http://sources.freertr.org/cfg/p4lang-acl083.tst;p4lang-acl083.tst;success;p4lang: ingress l2tp3 access list
http://sources.freertr.org/cfg/p4lang-acl084.tst;p4lang-acl084.tst;success;p4lang: egress l2tp3 access list
http://sources.freertr.org/cfg/p4lang-acl085.tst;p4lang-acl085.tst;success;p4lang: ingress vlan l2tp3 access list
http://sources.freertr.org/cfg/p4lang-acl086.tst;p4lang-acl086.tst;success;p4lang: egress vlan l2tp3 access list
http://sources.freertr.org/cfg/p4lang-acl087.tst;p4lang-acl087.tst;success;p4lang: l2tp3 interface inspection with ingress drop
http://sources.freertr.org/cfg/p4lang-acl088.tst;p4lang-acl088.tst;success;p4lang: l2tp3 interface inspection with egress drop
http://sources.freertr.org/cfg/p4lang-acl089.tst;p4lang-acl089.tst;success;p4lang: l2tp3 interface verify source
http://sources.freertr.org/cfg/p4lang-acl090.tst;p4lang-acl090.tst;success;p4lang: l2tp3 interface loose verify source
http://sources.freertr.org/cfg/p4lang-acl091.tst;p4lang-acl091.tst;success;p4lang: ingress tmux access list
http://sources.freertr.org/cfg/p4lang-acl092.tst;p4lang-acl092.tst;success;p4lang: egress tmux access list
http://sources.freertr.org/cfg/p4lang-acl093.tst;p4lang-acl093.tst;success;p4lang: ingress vlan tmux access list
http://sources.freertr.org/cfg/p4lang-acl094.tst;p4lang-acl094.tst;success;p4lang: egress vlan tmux access list
http://sources.freertr.org/cfg/p4lang-acl095.tst;p4lang-acl095.tst;success;p4lang: tmux interface inspection with ingress drop
http://sources.freertr.org/cfg/p4lang-acl096.tst;p4lang-acl096.tst;success;p4lang: tmux interface inspection with egress drop
http://sources.freertr.org/cfg/p4lang-acl097.tst;p4lang-acl097.tst;success;p4lang: tmux interface verify source
http://sources.freertr.org/cfg/p4lang-acl098.tst;p4lang-acl098.tst;success;p4lang: tmux interface loose verify source
http://sources.freertr.org/cfg/p4lang-acl099.tst;p4lang-acl099.tst;success;p4lang: qinq ingress access list
http://sources.freertr.org/cfg/p4lang-acl100.tst;p4lang-acl100.tst;success;p4lang: qinq egress access list
http://sources.freertr.org/cfg/p4lang-acl101.tst;p4lang-acl101.tst;success;p4lang: bundle qinq ingress access list
http://sources.freertr.org/cfg/p4lang-acl102.tst;p4lang-acl102.tst;success;p4lang: bundle qinq egress access list
http://sources.freertr.org/cfg/p4lang-acl103.tst;p4lang-acl103.tst;success;p4lang: qinq bridge ingress access list
http://sources.freertr.org/cfg/p4lang-acl104.tst;p4lang-acl104.tst;success;p4lang: qinq bridge egress access list
http://sources.freertr.org/cfg/p4lang-acl105.tst;p4lang-acl105.tst;success;p4lang: ingress qinq pppoe access list
http://sources.freertr.org/cfg/p4lang-acl106.tst;p4lang-acl106.tst;success;p4lang: egress qinq pppoe access list
http://sources.freertr.org/cfg/p4lang-acl107.tst;p4lang-acl107.tst;success;p4lang: hairpin qinq ingress access list
http://sources.freertr.org/cfg/p4lang-acl108.tst;p4lang-acl108.tst;success;p4lang: hairpin qinq egress access list
http://sources.freertr.org/cfg/p4lang-acl109.tst;p4lang-acl109.tst;success;p4lang: ingress qinq gre access list
http://sources.freertr.org/cfg/p4lang-acl110.tst;p4lang-acl110.tst;success;p4lang: egress qinq gre access list
http://sources.freertr.org/cfg/p4lang-acl111.tst;p4lang-acl111.tst;success;p4lang: ingress qinq l2tp access list
http://sources.freertr.org/cfg/p4lang-acl112.tst;p4lang-acl112.tst;success;p4lang: egress qinq l2tp access list
http://sources.freertr.org/cfg/p4lang-acl113.tst;p4lang-acl113.tst;success;p4lang: qinq ingress policer
http://sources.freertr.org/cfg/p4lang-acl114.tst;p4lang-acl114.tst;success;p4lang: qinq egress policer
http://sources.freertr.org/cfg/p4lang-acl115.tst;p4lang-acl115.tst;success;p4lang: qinq interface inspection with egress drop
http://sources.freertr.org/cfg/p4lang-acl116.tst;p4lang-acl116.tst;success;p4lang: qinq interface inspection with ingress drop
http://sources.freertr.org/cfg/p4lang-acl117.tst;p4lang-acl117.tst;success;p4lang: qinq interface verify source
http://sources.freertr.org/cfg/p4lang-acl118.tst;p4lang-acl118.tst;success;p4lang: qinq interface loose verify source
http://sources.freertr.org/cfg/p4lang-acl119.tst;p4lang-acl119.tst;success;p4lang: bridge filter access list
http://sources.freertr.org/cfg/p4lang-acl120.tst;p4lang-acl120.tst;success;p4lang: vlan bridge filter access list
http://sources.freertr.org/cfg/p4lang-acl121.tst;p4lang-acl121.tst;success;p4lang: ingress pwhe access list
http://sources.freertr.org/cfg/p4lang-acl122.tst;p4lang-acl122.tst;success;p4lang: egress pwhe access list
http://sources.freertr.org/cfg/p4lang-acl123.tst;p4lang-acl123.tst;success;p4lang: ingress vlan pwhe access list
http://sources.freertr.org/cfg/p4lang-acl124.tst;p4lang-acl124.tst;success;p4lang: egress vlan pwhe access list
http://sources.freertr.org/cfg/p4lang-acl125.tst;p4lang-acl125.tst;success;p4lang: pwhe interface inspection with ingress drop
http://sources.freertr.org/cfg/p4lang-acl126.tst;p4lang-acl126.tst;success;p4lang: pwhe interface inspection with egress drop
http://sources.freertr.org/cfg/p4lang-acl127.tst;p4lang-acl127.tst;success;p4lang: pwhe interface verify source
http://sources.freertr.org/cfg/p4lang-acl128.tst;p4lang-acl128.tst;success;p4lang: pwhe interface loose verify source
http://sources.freertr.org/cfg/p4lang-acl129.tst;p4lang-acl129.tst;success;p4lang: ingress qinq pwhe access list
http://sources.freertr.org/cfg/p4lang-acl130.tst;p4lang-acl130.tst;success;p4lang: egress qinq pwhe access list
http://sources.freertr.org/cfg/p4lang-acl131.tst;p4lang-acl131.tst;success;p4lang: ingress mgre access list
http://sources.freertr.org/cfg/p4lang-acl132.tst;p4lang-acl132.tst;success;p4lang: egress mgre access list
http://sources.freertr.org/cfg/p4lang-acl133.tst;p4lang-acl133.tst;success;p4lang: ingress vlan mgre access list
http://sources.freertr.org/cfg/p4lang-acl134.tst;p4lang-acl134.tst;success;p4lang: egress vlan mgre access list
http://sources.freertr.org/cfg/p4lang-acl135.tst;p4lang-acl135.tst;success;p4lang: mgre interface inspection with ingress drop
http://sources.freertr.org/cfg/p4lang-acl136.tst;p4lang-acl136.tst;success;p4lang: mgre interface inspection with egress drop
http://sources.freertr.org/cfg/p4lang-acl137.tst;p4lang-acl137.tst;success;p4lang: mgre interface verify source
http://sources.freertr.org/cfg/p4lang-acl138.tst;p4lang-acl138.tst;success;p4lang: mgre interface loose verify source
http://sources.freertr.org/cfg/p4lang-acl139.tst;p4lang-acl139.tst;success;p4lang: ingress qinq mgre access list
http://sources.freertr.org/cfg/p4lang-acl140.tst;p4lang-acl140.tst;success;p4lang: egress qinq mgre access list
http://sources.freertr.org/cfg/p4lang-acl141.tst;p4lang-acl141.tst;success;p4lang: ingress rate limit
http://sources.freertr.org/cfg/p4lang-acl142.tst;p4lang-acl142.tst;success;p4lang: egress rate limit
http://sources.freertr.org/cfg/p4lang-acl143.tst;p4lang-acl143.tst;success;p4lang: vlan ingress rate limit
http://sources.freertr.org/cfg/p4lang-acl144.tst;p4lang-acl144.tst;success;p4lang: vlan egress rate limit
http://sources.freertr.org/cfg/p4lang-acl145.tst;p4lang-acl145.tst;success;p4lang: qinq ingress rate limit
http://sources.freertr.org/cfg/p4lang-acl146.tst;p4lang-acl146.tst;success;p4lang: qinq egress rate limit
http://sources.freertr.org/cfg/p4lang-crypt001.tst;p4lang-crypt001.tst;success;p4lang: macsec with des
http://sources.freertr.org/cfg/p4lang-crypt002.tst;p4lang-crypt002.tst;success;p4lang: macsec with 3des
http://sources.freertr.org/cfg/p4lang-crypt003.tst;p4lang-crypt003.tst;success;p4lang: macsec with aes128cbc
http://sources.freertr.org/cfg/p4lang-crypt004.tst;p4lang-crypt004.tst;success;p4lang: macsec with aes192cbc
http://sources.freertr.org/cfg/p4lang-crypt005.tst;p4lang-crypt005.tst;success;p4lang: macsec with aes256cbc
http://sources.freertr.org/cfg/p4lang-crypt006.tst;p4lang-crypt006.tst;success;p4lang: macsec with md5
http://sources.freertr.org/cfg/p4lang-crypt007.tst;p4lang-crypt007.tst;success;p4lang: macsec with sha1
http://sources.freertr.org/cfg/p4lang-crypt008.tst;p4lang-crypt008.tst;success;p4lang: macsec with sha256
http://sources.freertr.org/cfg/p4lang-crypt009.tst;p4lang-crypt009.tst;success;p4lang: macsec with sha512
http://sources.freertr.org/cfg/p4lang-crypt010.tst;p4lang-crypt010.tst;success;p4lang: macsec over ethernet
http://sources.freertr.org/cfg/p4lang-crypt011.tst;p4lang-crypt011.tst;success;p4lang: macsec over vlan
http://sources.freertr.org/cfg/p4lang-crypt012.tst;p4lang-crypt012.tst;success;p4lang: macsec over bundle vlan
http://sources.freertr.org/cfg/p4lang-crypt013.tst;p4lang-crypt013.tst;success;p4lang: macsec over gre
http://sources.freertr.org/cfg/p4lang-crypt014.tst;p4lang-crypt014.tst;success;p4lang: macsec over pppoe
http://sources.freertr.org/cfg/p4lang-crypt015.tst;p4lang-crypt015.tst;success;p4lang: macsec over l2tp
http://sources.freertr.org/cfg/p4lang-crypt016.tst;p4lang-crypt016.tst;success;p4lang: macsec over hairpin
http://sources.freertr.org/cfg/p4lang-crypt017.tst;p4lang-crypt017.tst;success;p4lang: macsec ingress access list
http://sources.freertr.org/cfg/p4lang-crypt018.tst;p4lang-crypt018.tst;success;p4lang: macsec egress access list
http://sources.freertr.org/cfg/p4lang-crypt019.tst;p4lang-crypt019.tst;success;p4lang: macsec vlan ingress access list
http://sources.freertr.org/cfg/p4lang-crypt020.tst;p4lang-crypt020.tst;success;p4lang: macsec vlan egress access list
http://sources.freertr.org/cfg/p4lang-crypt021.tst;p4lang-crypt021.tst;success;p4lang: ipsec with des
http://sources.freertr.org/cfg/p4lang-crypt022.tst;p4lang-crypt022.tst;success;p4lang: ipsec with 3des
http://sources.freertr.org/cfg/p4lang-crypt023.tst;p4lang-crypt023.tst;success;p4lang: ipsec with aes128cbc
http://sources.freertr.org/cfg/p4lang-crypt024.tst;p4lang-crypt024.tst;success;p4lang: ipsec with aes192cbc
http://sources.freertr.org/cfg/p4lang-crypt025.tst;p4lang-crypt025.tst;success;p4lang: ipsec with aes256cbc
http://sources.freertr.org/cfg/p4lang-crypt026.tst;p4lang-crypt026.tst;success;p4lang: ipsec with md5
http://sources.freertr.org/cfg/p4lang-crypt027.tst;p4lang-crypt027.tst;success;p4lang: ipsec with sha1
http://sources.freertr.org/cfg/p4lang-crypt028.tst;p4lang-crypt028.tst;success;p4lang: ipsec with sha256
http://sources.freertr.org/cfg/p4lang-crypt029.tst;p4lang-crypt029.tst;success;p4lang: ipsec with sha512
http://sources.freertr.org/cfg/p4lang-crypt030.tst;p4lang-crypt030.tst;success;p4lang: ipv4 over ipsec
http://sources.freertr.org/cfg/p4lang-crypt031.tst;p4lang-crypt031.tst;success;p4lang: ipv6 over ipsec
http://sources.freertr.org/cfg/p4lang-crypt032.tst;p4lang-crypt032.tst;success;p4lang: ipsec over ipv4
http://sources.freertr.org/cfg/p4lang-crypt033.tst;p4lang-crypt033.tst;success;p4lang: ipsec over ipv6
http://sources.freertr.org/cfg/p4lang-crypt034.tst;p4lang-crypt034.tst;success;p4lang: ipsec over ipv4 loopback
http://sources.freertr.org/cfg/p4lang-crypt035.tst;p4lang-crypt035.tst;success;p4lang: ipsec over ipv6 loopback
http://sources.freertr.org/cfg/p4lang-crypt036.tst;p4lang-crypt036.tst;success;p4lang: ipsec over vlan
http://sources.freertr.org/cfg/p4lang-crypt037.tst;p4lang-crypt037.tst;success;p4lang: ipv4 over ipsec with ingress access list
http://sources.freertr.org/cfg/p4lang-crypt038.tst;p4lang-crypt038.tst;success;p4lang: ipv4 over ipsec with egress access list
http://sources.freertr.org/cfg/p4lang-crypt039.tst;p4lang-crypt039.tst;success;p4lang: ipv6 over ipsec with ingress access list
http://sources.freertr.org/cfg/p4lang-crypt040.tst;p4lang-crypt040.tst;success;p4lang: ipv6 over ipsec with egress access list
http://sources.freertr.org/cfg/p4lang-crypt041.tst;p4lang-crypt041.tst;success;p4lang: ipsec with ike1
http://sources.freertr.org/cfg/p4lang-crypt042.tst;p4lang-crypt042.tst;success;p4lang: ipsec with ike2
http://sources.freertr.org/cfg/p4lang-crypt043.tst;p4lang-crypt043.tst;success;p4lang: openvpn with des
http://sources.freertr.org/cfg/p4lang-crypt044.tst;p4lang-crypt044.tst;success;p4lang: openvpn with 3des
http://sources.freertr.org/cfg/p4lang-crypt045.tst;p4lang-crypt045.tst;success;p4lang: openvpn with aes128cbc
http://sources.freertr.org/cfg/p4lang-crypt046.tst;p4lang-crypt046.tst;success;p4lang: openvpn with aes192cbc
http://sources.freertr.org/cfg/p4lang-crypt047.tst;p4lang-crypt047.tst;success;p4lang: openvpn with aes256cbc
http://sources.freertr.org/cfg/p4lang-crypt048.tst;p4lang-crypt048.tst;success;p4lang: openvpn with md5
http://sources.freertr.org/cfg/p4lang-crypt049.tst;p4lang-crypt049.tst;success;p4lang: openvpn with sha1
http://sources.freertr.org/cfg/p4lang-crypt050.tst;p4lang-crypt050.tst;success;p4lang: openvpn with sha256
http://sources.freertr.org/cfg/p4lang-crypt051.tst;p4lang-crypt051.tst;success;p4lang: openvpn with sha512
http://sources.freertr.org/cfg/p4lang-crypt052.tst;p4lang-crypt052.tst;success;p4lang: openvpn over ipv4
http://sources.freertr.org/cfg/p4lang-crypt053.tst;p4lang-crypt053.tst;success;p4lang: openvpn over ipv6
http://sources.freertr.org/cfg/p4lang-crypt054.tst;p4lang-crypt054.tst;success;p4lang: openvpn over ipv4 loopback
http://sources.freertr.org/cfg/p4lang-crypt055.tst;p4lang-crypt055.tst;success;p4lang: openvpn over ipv6 loopback
http://sources.freertr.org/cfg/p4lang-crypt056.tst;p4lang-crypt056.tst;success;p4lang: openvpn over asymmetric ports
http://sources.freertr.org/cfg/p4lang-crypt057.tst;p4lang-crypt057.tst;success;p4lang: openvpn with ingress access list
http://sources.freertr.org/cfg/p4lang-crypt058.tst;p4lang-crypt058.tst;success;p4lang: openvpn with egress access list
http://sources.freertr.org/cfg/p4lang-crypt059.tst;p4lang-crypt059.tst;success;p4lang: wireguard over ipv4
http://sources.freertr.org/cfg/p4lang-crypt060.tst;p4lang-crypt060.tst;success;p4lang: wireguard over ipv6
http://sources.freertr.org/cfg/p4lang-crypt061.tst;p4lang-crypt061.tst;success;p4lang: wireguard over ipv4 loopback
http://sources.freertr.org/cfg/p4lang-crypt062.tst;p4lang-crypt062.tst;success;p4lang: wireguard over ipv6 loopback
http://sources.freertr.org/cfg/p4lang-crypt063.tst;p4lang-crypt063.tst;success;p4lang: wireguard over vlan
http://sources.freertr.org/cfg/p4lang-crypt064.tst;p4lang-crypt064.tst;success;p4lang: wireguard over asymmetric ports
http://sources.freertr.org/cfg/p4lang-crypt065.tst;p4lang-crypt065.tst;success;p4lang: wireguard with ingress access list
http://sources.freertr.org/cfg/p4lang-crypt066.tst;p4lang-crypt066.tst;success;p4lang: wireguard with egress access list
http://sources.freertr.org/cfg/p4lang-crypt067.tst;p4lang-crypt067.tst;success;p4lang: multicast routing over macsec
http://sources.freertr.org/cfg/p4lang-crypt068.tst;p4lang-crypt068.tst;success;p4lang: multicast routing over vlan macsec
http://sources.freertr.org/cfg/p4lang-crypt069.tst;p4lang-crypt069.tst;success;p4lang: replay window with openvpn
http://sources.freertr.org/cfg/p4lang-crypt070.tst;p4lang-crypt070.tst;success;p4lang: replay window with wireguard
http://sources.freertr.org/cfg/p4lang-crypt071.tst;p4lang-crypt071.tst;success;p4lang: openvpn with aes128cfb
http://sources.freertr.org/cfg/p4lang-crypt072.tst;p4lang-crypt072.tst;success;p4lang: openvpn with aes192cfb
http://sources.freertr.org/cfg/p4lang-crypt073.tst;p4lang-crypt073.tst;success;p4lang: openvpn with aes256cfb
http://sources.freertr.org/cfg/p4lang-crypt074.tst;p4lang-crypt074.tst;success;p4lang: openvpn with aes128ecb
http://sources.freertr.org/cfg/p4lang-crypt075.tst;p4lang-crypt075.tst;success;p4lang: openvpn with aes192ecb
http://sources.freertr.org/cfg/p4lang-crypt076.tst;p4lang-crypt076.tst;success;p4lang: openvpn with aes256ecb
http://sources.freertr.org/cfg/p4lang-crypt077.tst;p4lang-crypt077.tst;success;p4lang: openvpn with sha224
http://sources.freertr.org/cfg/p4lang-crypt078.tst;p4lang-crypt078.tst;success;p4lang: openvpn with sha384
http://sources.freertr.org/cfg/p4lang-crypt079.tst;p4lang-crypt079.tst;success;p4lang: macsec with aes128cfb
http://sources.freertr.org/cfg/p4lang-crypt080.tst;p4lang-crypt080.tst;success;p4lang: macsec with aes192cfb
http://sources.freertr.org/cfg/p4lang-crypt081.tst;p4lang-crypt081.tst;success;p4lang: macsec with aes256cfb
http://sources.freertr.org/cfg/p4lang-crypt082.tst;p4lang-crypt082.tst;success;p4lang: macsec with aes128ecb
http://sources.freertr.org/cfg/p4lang-crypt083.tst;p4lang-crypt083.tst;success;p4lang: macsec with aes192ecb
http://sources.freertr.org/cfg/p4lang-crypt084.tst;p4lang-crypt084.tst;success;p4lang: macsec with aes256ecb
http://sources.freertr.org/cfg/p4lang-crypt085.tst;p4lang-crypt085.tst;success;p4lang: macsec with sha224
http://sources.freertr.org/cfg/p4lang-crypt086.tst;p4lang-crypt086.tst;success;p4lang: macsec with sha384
http://sources.freertr.org/cfg/p4lang-crypt087.tst;p4lang-crypt087.tst;success;p4lang: openvpn with none encryption
http://sources.freertr.org/cfg/p4lang-crypt088.tst;p4lang-crypt088.tst;success;p4lang: openvpn with none hash
http://sources.freertr.org/cfg/p4lang-crypt089.tst;p4lang-crypt089.tst;success;p4lang: macsec with none encryption
http://sources.freertr.org/cfg/p4lang-crypt090.tst;p4lang-crypt090.tst;success;p4lang: macsec with none hash
http://sources.freertr.org/cfg/p4lang-crypt091.tst;p4lang-crypt091.tst;success;p4lang: macsec with aes128gcm and hash
http://sources.freertr.org/cfg/p4lang-crypt092.tst;p4lang-crypt092.tst;success;p4lang: macsec with aes192gcm and hash
http://sources.freertr.org/cfg/p4lang-crypt093.tst;p4lang-crypt093.tst;success;p4lang: macsec with aes256gcm and hash
http://sources.freertr.org/cfg/p4lang-crypt094.tst;p4lang-crypt094.tst;success;p4lang: macsec with aes128gcm and aead
http://sources.freertr.org/cfg/p4lang-crypt095.tst;p4lang-crypt095.tst;success;p4lang: macsec with aes192gcm and aead
http://sources.freertr.org/cfg/p4lang-crypt096.tst;p4lang-crypt096.tst;success;p4lang: macsec with aes256gcm and aead
http://sources.freertr.org/cfg/p4lang-crypt097.tst;p4lang-crypt097.tst;success;p4lang: sgt over ethernet
http://sources.freertr.org/cfg/p4lang-crypt098.tst;p4lang-crypt098.tst;success;p4lang: sgt over vlan
http://sources.freertr.org/cfg/p4lang-crypt099.tst;p4lang-crypt099.tst;success;p4lang: sgt over gre
http://sources.freertr.org/cfg/p4lang-crypt100.tst;p4lang-crypt100.tst;success;p4lang: sgt over pppoe
http://sources.freertr.org/cfg/p4lang-crypt101.tst;p4lang-crypt101.tst;success;p4lang: sgt over l2tp
http://sources.freertr.org/cfg/p4lang-crypt102.tst;p4lang-crypt102.tst;success;p4lang: sgt over hairpin
http://sources.freertr.org/cfg/p4lang-crypt103.tst;p4lang-crypt103.tst;success;p4lang: sgt over macsec over ethernet
http://sources.freertr.org/cfg/p4lang-crypt104.tst;p4lang-crypt104.tst;success;p4lang: sgt over macsec over vlan
http://sources.freertr.org/cfg/p4lang-crypt105.tst;p4lang-crypt105.tst;success;p4lang: sgt ingress access list
http://sources.freertr.org/cfg/p4lang-crypt106.tst;p4lang-crypt106.tst;success;p4lang: sgt egress access list
http://sources.freertr.org/cfg/p4lang-crypt107.tst;p4lang-crypt107.tst;success;p4lang: sgt vlan ingress access list
http://sources.freertr.org/cfg/p4lang-crypt108.tst;p4lang-crypt108.tst;success;p4lang: sgt vlan egress access list
http://sources.freertr.org/cfg/p4lang-crypt109.tst;p4lang-crypt109.tst;success;p4lang: macsec over l2tp3
http://sources.freertr.org/cfg/p4lang-crypt110.tst;p4lang-crypt110.tst;success;p4lang: sgt over l2tp3
http://sources.freertr.org/cfg/p4lang-crypt111.tst;p4lang-crypt111.tst;success;p4lang: macsec over tmux
http://sources.freertr.org/cfg/p4lang-crypt112.tst;p4lang-crypt112.tst;success;p4lang: sgt over tmux
http://sources.freertr.org/cfg/p4lang-crypt113.tst;p4lang-crypt113.tst;success;p4lang: packout on port
http://sources.freertr.org/cfg/p4lang-crypt114.tst;p4lang-crypt114.tst;success;p4lang: packout on vlan port
http://sources.freertr.org/cfg/p4lang-crypt115.tst;p4lang-crypt115.tst;success;p4lang: packout on macsec port
http://sources.freertr.org/cfg/p4lang-crypt116.tst;p4lang-crypt116.tst;success;p4lang: packout on macsec vlan port
http://sources.freertr.org/cfg/p4lang-crypt117.tst;p4lang-crypt117.tst;success;p4lang: ipsec with packout
http://sources.freertr.org/cfg/p4lang-crypt118.tst;p4lang-crypt118.tst;success;p4lang: openvpn with packout
http://sources.freertr.org/cfg/p4lang-crypt119.tst;p4lang-crypt119.tst;success;p4lang: wireguard with packout
http://sources.freertr.org/cfg/p4lang-crypt120.tst;p4lang-crypt120.tst;success;p4lang: gre with packout
http://sources.freertr.org/cfg/p4lang-crypt121.tst;p4lang-crypt121.tst;success;p4lang: macsec over qinq
http://sources.freertr.org/cfg/p4lang-crypt122.tst;p4lang-crypt122.tst;success;p4lang: macsec over bundle qinq
http://sources.freertr.org/cfg/p4lang-crypt123.tst;p4lang-crypt123.tst;success;p4lang: macsec qinq ingress access list
http://sources.freertr.org/cfg/p4lang-crypt124.tst;p4lang-crypt124.tst;success;p4lang: macsec qinq egress access list
http://sources.freertr.org/cfg/p4lang-crypt125.tst;p4lang-crypt125.tst;success;p4lang: ipsec over qinq
http://sources.freertr.org/cfg/p4lang-crypt126.tst;p4lang-crypt126.tst;success;p4lang: wireguard over qinq
http://sources.freertr.org/cfg/p4lang-crypt127.tst;p4lang-crypt127.tst;success;p4lang: sgt over qinq
http://sources.freertr.org/cfg/p4lang-crypt128.tst;p4lang-crypt128.tst;success;p4lang: sgt over macsec over qinq
http://sources.freertr.org/cfg/p4lang-crypt129.tst;p4lang-crypt129.tst;success;p4lang: sgt qinq ingress access list
http://sources.freertr.org/cfg/p4lang-crypt130.tst;p4lang-crypt130.tst;success;p4lang: sgt qinq egress access list
http://sources.freertr.org/cfg/p4lang-crypt131.tst;p4lang-crypt131.tst;success;p4lang: packout on qinq port
http://sources.freertr.org/cfg/p4lang-crypt132.tst;p4lang-crypt132.tst;success;p4lang: packout on macsec qinq port
http://sources.freertr.org/cfg/p4lang-crypt133.tst;p4lang-crypt133.tst;success;p4lang: macsec with static key
http://sources.freertr.org/cfg/p4lang-crypt134.tst;p4lang-crypt134.tst;success;p4lang: ipsec with aes128gcm
http://sources.freertr.org/cfg/p4lang-crypt135.tst;p4lang-crypt135.tst;success;p4lang: ipsec with aes192gcm
http://sources.freertr.org/cfg/p4lang-crypt136.tst;p4lang-crypt136.tst;success;p4lang: ipsec with aes256gcm
http://sources.freertr.org/cfg/p4lang-crypt137.tst;p4lang-crypt137.tst;success;p4lang: macsec over pwhe
http://sources.freertr.org/cfg/p4lang-crypt138.tst;p4lang-crypt138.tst;success;p4lang: sgt over pwhe
http://sources.freertr.org/cfg/p4lang-crypt139.tst;p4lang-crypt139.tst;success;p4lang: macsec over ipip
http://sources.freertr.org/cfg/p4lang-crypt140.tst;p4lang-crypt140.tst;success;p4lang: sgt over ipip
http://sources.freertr.org/cfg/p4lang-crypt141.tst;p4lang-crypt141.tst;success;p4lang: macsec over ipsec
http://sources.freertr.org/cfg/p4lang-crypt142.tst;p4lang-crypt142.tst;success;p4lang: sgt over ipsec
http://sources.freertr.org/cfg/p4lang-crypt143.tst;p4lang-crypt143.tst;success;p4lang: ipsec with sha384
http://sources.freertr.org/cfg/p4lang-crypt144.tst;p4lang-crypt144.tst;success;p4lang: openvpn with sha3224
http://sources.freertr.org/cfg/p4lang-crypt145.tst;p4lang-crypt145.tst;success;p4lang: macsec with sha3224
http://sources.freertr.org/cfg/p4lang-crypt146.tst;p4lang-crypt146.tst;success;p4lang: openvpn with sha3256
http://sources.freertr.org/cfg/p4lang-crypt147.tst;p4lang-crypt147.tst;success;p4lang: macsec with sha3256
http://sources.freertr.org/cfg/p4lang-crypt148.tst;p4lang-crypt148.tst;success;p4lang: openvpn with sha3384
http://sources.freertr.org/cfg/p4lang-crypt149.tst;p4lang-crypt149.tst;success;p4lang: macsec with sha3384
http://sources.freertr.org/cfg/p4lang-crypt150.tst;p4lang-crypt150.tst;success;p4lang: openvpn with sha3512
http://sources.freertr.org/cfg/p4lang-crypt151.tst;p4lang-crypt151.tst;success;p4lang: macsec with sha3512
http://sources.freertr.org/cfg/p4lang-crypt152.tst;p4lang-crypt152.tst;success;p4lang: macsec with blowfish
http://sources.freertr.org/cfg/p4lang-crypt153.tst;p4lang-crypt153.tst;success;p4lang: ipsec with blowfish
http://sources.freertr.org/cfg/p4lang-crypt154.tst;p4lang-crypt154.tst;success;p4lang: openvpn with blowfish
http://sources.freertr.org/cfg/p4lang-crypt155.tst;p4lang-crypt155.tst;success;p4lang: macsec with rc2
http://sources.freertr.org/cfg/p4lang-crypt156.tst;p4lang-crypt156.tst;success;p4lang: ipsec with rc2
http://sources.freertr.org/cfg/p4lang-crypt157.tst;p4lang-crypt157.tst;success;p4lang: openvpn with rc2
http://sources.freertr.org/cfg/p4lang-crypt158.tst;p4lang-crypt158.tst;success;p4lang: ipsec mpls over ipv4
http://sources.freertr.org/cfg/p4lang-crypt159.tst;p4lang-crypt159.tst;success;p4lang: ipsec mpls over ipv6
http://sources.freertr.org/cfg/p4lang-crypt160.tst;p4lang-crypt160.tst;success;p4lang: ipsec mpls over ipv4 loopback
http://sources.freertr.org/cfg/p4lang-crypt161.tst;p4lang-crypt161.tst;success;p4lang: ipsec mpls over ipv6 loopback
http://sources.freertr.org/cfg/p4lang-crypt162.tst;p4lang-crypt162.tst;success;p4lang: ipsec mpls over vlan
http://sources.freertr.org/cfg/p4lang-crypt163.tst;p4lang-crypt163.tst;success;p4lang: ipsec mpls over bundle
http://sources.freertr.org/cfg/p4lang-crypt164.tst;p4lang-crypt164.tst;success;p4lang: ipsec mpls over bundle vlan
http://sources.freertr.org/cfg/p4lang-crypt165.tst;p4lang-crypt165.tst;success;p4lang: ipsec mpls over hairpin
http://sources.freertr.org/cfg/p4lang-crypt166.tst;p4lang-crypt166.tst;success;p4lang: ipsec mpls over hairpin vlan
http://sources.freertr.org/cfg/p4lang-crypt167.tst;p4lang-crypt167.tst;success;p4lang: ipsec mpls over bridge
http://sources.freertr.org/cfg/p4lang-crypt168.tst;p4lang-crypt168.tst;success;p4lang: ipsec mpls over vlan bridge
http://sources.freertr.org/cfg/p4lang-crypt169.tst;p4lang-crypt169.tst;success;p4lang: bridging over ipsec
http://sources.freertr.org/cfg/p4lang-crypt170.tst;p4lang-crypt170.tst;success;p4lang: bridging over ipsec vlan
http://sources.freertr.org/cfg/p4lang-crypt171.tst;p4lang-crypt171.tst;success;p4lang: mldp core over ipsec
http://sources.freertr.org/cfg/p4lang-crypt172.tst;p4lang-crypt172.tst;success;p4lang: bier core over ipsec
http://sources.freertr.org/cfg/p4lang-crypt173.tst;p4lang-crypt173.tst;success;p4lang: ipsec mpls pop
http://sources.freertr.org/cfg/p4lang-crypt174.tst;p4lang-crypt174.tst;success;p4lang: ipsec mpls push
http://sources.freertr.org/cfg/p4lang-crypt175.tst;p4lang-crypt175.tst;success;p4lang: l2vpn over ipsec mpls
http://sources.freertr.org/cfg/p4lang-crypt176.tst;p4lang-crypt176.tst;success;p4lang: l3vpn over ipsec mpls
http://sources.freertr.org/cfg/p4lang-crypt177.tst;p4lang-crypt177.tst;success;p4lang: openvpn with aes128ctr
http://sources.freertr.org/cfg/p4lang-crypt178.tst;p4lang-crypt178.tst;success;p4lang: openvpn with aes192ctr
http://sources.freertr.org/cfg/p4lang-crypt179.tst;p4lang-crypt179.tst;success;p4lang: openvpn with aes256ctr
http://sources.freertr.org/cfg/p4lang-crypt180.tst;p4lang-crypt180.tst;success;p4lang: macsec with aes128ctr
http://sources.freertr.org/cfg/p4lang-crypt181.tst;p4lang-crypt181.tst;success;p4lang: macsec with aes192ctr
http://sources.freertr.org/cfg/p4lang-crypt182.tst;p4lang-crypt182.tst;success;p4lang: macsec with aes256ctr
http://sources.freertr.org/cfg/p4lang-crypt183.tst;p4lang-crypt183.tst;success;p4lang: ipsec with aes128ctr
http://sources.freertr.org/cfg/p4lang-crypt184.tst;p4lang-crypt184.tst;success;p4lang: ipsec with aes192ctr
http://sources.freertr.org/cfg/p4lang-crypt185.tst;p4lang-crypt185.tst;success;p4lang: ipsec with aes256ctr
http://sources.freertr.org/cfg/p4lang-crypt186.tst;p4lang-crypt186.tst;success;p4lang: ipsec with aes128cfb
http://sources.freertr.org/cfg/p4lang-crypt187.tst;p4lang-crypt187.tst;success;p4lang: ipsec with aes192cfb
http://sources.freertr.org/cfg/p4lang-crypt188.tst;p4lang-crypt188.tst;success;p4lang: ipsec with aes256cfb
http://sources.freertr.org/cfg/p4lang-crypt189.tst;p4lang-crypt189.tst;success;p4lang: ipsec with aes128ecb
http://sources.freertr.org/cfg/p4lang-crypt190.tst;p4lang-crypt190.tst;success;p4lang: ipsec with aes192ecb
http://sources.freertr.org/cfg/p4lang-crypt191.tst;p4lang-crypt191.tst;success;p4lang: ipsec with aes256ecb
http://sources.freertr.org/cfg/p4lang-crypt192.tst;p4lang-crypt192.tst;success;p4lang: openvpn with aes128ofb
http://sources.freertr.org/cfg/p4lang-crypt193.tst;p4lang-crypt193.tst;success;p4lang: openvpn with aes192ofb
http://sources.freertr.org/cfg/p4lang-crypt194.tst;p4lang-crypt194.tst;success;p4lang: openvpn with aes256ofb
http://sources.freertr.org/cfg/p4lang-crypt195.tst;p4lang-crypt195.tst;success;p4lang: macsec with aes128ofb
http://sources.freertr.org/cfg/p4lang-crypt196.tst;p4lang-crypt196.tst;success;p4lang: macsec with aes192ofb
http://sources.freertr.org/cfg/p4lang-crypt197.tst;p4lang-crypt197.tst;success;p4lang: macsec with aes256ofb
http://sources.freertr.org/cfg/p4lang-crypt198.tst;p4lang-crypt198.tst;success;p4lang: ipsec with aes128ofb
http://sources.freertr.org/cfg/p4lang-crypt199.tst;p4lang-crypt199.tst;success;p4lang: ipsec with aes192ofb
http://sources.freertr.org/cfg/p4lang-crypt200.tst;p4lang-crypt200.tst;success;p4lang: ipsec with aes256ofb
http://sources.freertr.org/cfg/p4lang-crypt201.tst;p4lang-crypt201.tst;success;p4lang: macsec over mgre
http://sources.freertr.org/cfg/p4lang-crypt202.tst;p4lang-crypt202.tst;success;p4lang: sgt over mgre
http://sources.freertr.org/cfg/p4lang-crypt203.tst;p4lang-crypt203.tst;success;p4lang: mgre with packout
http://sources.freertr.org/cfg/p4lang-rout001.tst;p4lang-rout001.tst;success;p4lang: routing
http://sources.freertr.org/cfg/p4lang-rout002.tst;p4lang-rout002.tst;success;p4lang: bridging
http://sources.freertr.org/cfg/p4lang-rout003.tst;p4lang-rout003.tst;success;p4lang: mpls core
http://sources.freertr.org/cfg/p4lang-rout004.tst;p4lang-rout004.tst;success;p4lang: mpls edge
http://sources.freertr.org/cfg/p4lang-rout005.tst;p4lang-rout005.tst;success;p4lang: vlan routing
http://sources.freertr.org/cfg/p4lang-rout006.tst;p4lang-rout006.tst;success;p4lang: vlan bridging
http://sources.freertr.org/cfg/p4lang-rout007.tst;p4lang-rout007.tst;success;p4lang: vlan mpls
http://sources.freertr.org/cfg/p4lang-rout008.tst;p4lang-rout008.tst;success;p4lang: vpn with bgp
http://sources.freertr.org/cfg/p4lang-rout009.tst;p4lang-rout009.tst;success;p4lang: vpls/ldp with bgp
http://sources.freertr.org/cfg/p4lang-rout010.tst;p4lang-rout010.tst;success;p4lang: evpn/cmac with bgp
http://sources.freertr.org/cfg/p4lang-rout011.tst;p4lang-rout011.tst;success;p4lang: eompls
http://sources.freertr.org/cfg/p4lang-rout012.tst;p4lang-rout012.tst;success;p4lang: vpn with bgp over srv6
http://sources.freertr.org/cfg/p4lang-rout013.tst;p4lang-rout013.tst;success;p4lang: evpn/cmac with bgp over srv6
http://sources.freertr.org/cfg/p4lang-rout014.tst;p4lang-rout014.tst;success;p4lang: bundle routing
http://sources.freertr.org/cfg/p4lang-rout015.tst;p4lang-rout015.tst;success;p4lang: bundle mpls
http://sources.freertr.org/cfg/p4lang-rout016.tst;p4lang-rout016.tst;success;p4lang: bundle vlan routing
http://sources.freertr.org/cfg/p4lang-rout017.tst;p4lang-rout017.tst;success;p4lang: bundle vlan mpls
http://sources.freertr.org/cfg/p4lang-rout018.tst;p4lang-rout018.tst;success;p4lang: bundle vlan bridging
http://sources.freertr.org/cfg/p4lang-rout019.tst;p4lang-rout019.tst;success;p4lang: bridge routing
http://sources.freertr.org/cfg/p4lang-rout020.tst;p4lang-rout020.tst;success;p4lang: bridge mpls
http://sources.freertr.org/cfg/p4lang-rout021.tst;p4lang-rout021.tst;success;p4lang: vlan bridge routing
http://sources.freertr.org/cfg/p4lang-rout022.tst;p4lang-rout022.tst;success;p4lang: vlan bridge mpls
http://sources.freertr.org/cfg/p4lang-rout023.tst;p4lang-rout023.tst;success;p4lang: vlan vpls/ldp with bgp
http://sources.freertr.org/cfg/p4lang-rout024.tst;p4lang-rout024.tst;success;p4lang: vlan eompls
http://sources.freertr.org/cfg/p4lang-rout025.tst;p4lang-rout025.tst;success;p4lang: bundle vlan vpls/ldp with bgp
http://sources.freertr.org/cfg/p4lang-rout026.tst;p4lang-rout026.tst;success;p4lang: bundle vlan eompls
http://sources.freertr.org/cfg/p4lang-rout027.tst;p4lang-rout027.tst;success;p4lang: pppoe routing
http://sources.freertr.org/cfg/p4lang-rout028.tst;p4lang-rout028.tst;success;p4lang: vlan pppoe routing
http://sources.freertr.org/cfg/p4lang-rout029.tst;p4lang-rout029.tst;success;p4lang: pppoe mpls
http://sources.freertr.org/cfg/p4lang-rout030.tst;p4lang-rout030.tst;success;p4lang: vlan pppoe mpls
http://sources.freertr.org/cfg/p4lang-rout031.tst;p4lang-rout031.tst;success;p4lang: hairpin routing
http://sources.freertr.org/cfg/p4lang-rout032.tst;p4lang-rout032.tst;success;p4lang: hairpin bridging
http://sources.freertr.org/cfg/p4lang-rout033.tst;p4lang-rout033.tst;success;p4lang: hairpin mpls
http://sources.freertr.org/cfg/p4lang-rout034.tst;p4lang-rout034.tst;success;p4lang: hairpin vlan routing
http://sources.freertr.org/cfg/p4lang-rout035.tst;p4lang-rout035.tst;success;p4lang: hairpin vlan bridging
http://sources.freertr.org/cfg/p4lang-rout036.tst;p4lang-rout036.tst;success;p4lang: hairpin vlan mpls
http://sources.freertr.org/cfg/p4lang-rout037.tst;p4lang-rout037.tst;success;p4lang: hairpin pppoe routing
http://sources.freertr.org/cfg/p4lang-rout038.tst;p4lang-rout038.tst;success;p4lang: hairpin vlan pppoe routing
http://sources.freertr.org/cfg/p4lang-rout039.tst;p4lang-rout039.tst;success;p4lang: hairpin pppoe mpls
http://sources.freertr.org/cfg/p4lang-rout040.tst;p4lang-rout040.tst;success;p4lang: hairpin vlan pppoe mpls
http://sources.freertr.org/cfg/p4lang-rout041.tst;p4lang-rout041.tst;success;p4lang: hairpin vpls/ldp with bgp
http://sources.freertr.org/cfg/p4lang-rout042.tst;p4lang-rout042.tst;success;p4lang: hairpin vlan vpls/ldp with bgp
http://sources.freertr.org/cfg/p4lang-rout043.tst;p4lang-rout043.tst;success;p4lang: hairpin eompls
http://sources.freertr.org/cfg/p4lang-rout044.tst;p4lang-rout044.tst;success;p4lang: hairpin vlan eompls
http://sources.freertr.org/cfg/p4lang-rout045.tst;p4lang-rout045.tst;success;p4lang: vlan evpn/cmac with bgp
http://sources.freertr.org/cfg/p4lang-rout046.tst;p4lang-rout046.tst;success;p4lang: bundle vlan evpn/cmac with bgp
http://sources.freertr.org/cfg/p4lang-rout047.tst;p4lang-rout047.tst;success;p4lang: hairpin evpn/cmac with bgp
http://sources.freertr.org/cfg/p4lang-rout048.tst;p4lang-rout048.tst;success;p4lang: hairpin vlan evpn/cmac with bgp
http://sources.freertr.org/cfg/p4lang-rout049.tst;p4lang-rout049.tst;success;p4lang: gre routing over ipv4
http://sources.freertr.org/cfg/p4lang-rout050.tst;p4lang-rout050.tst;success;p4lang: gre routing over ipv6
http://sources.freertr.org/cfg/p4lang-rout051.tst;p4lang-rout051.tst;success;p4lang: gre routing over ipv4 loopback
http://sources.freertr.org/cfg/p4lang-rout052.tst;p4lang-rout052.tst;success;p4lang: gre routing over ipv6 loopback
http://sources.freertr.org/cfg/p4lang-rout053.tst;p4lang-rout053.tst;success;p4lang: gre routing over vlan
http://sources.freertr.org/cfg/p4lang-rout054.tst;p4lang-rout054.tst;success;p4lang: gre routing over bundle
http://sources.freertr.org/cfg/p4lang-rout055.tst;p4lang-rout055.tst;success;p4lang: gre routing over bundle vlan
http://sources.freertr.org/cfg/p4lang-rout056.tst;p4lang-rout056.tst;success;p4lang: gre routing over hairpin
http://sources.freertr.org/cfg/p4lang-rout057.tst;p4lang-rout057.tst;success;p4lang: gre routing over hairpin vlan
http://sources.freertr.org/cfg/p4lang-rout058.tst;p4lang-rout058.tst;success;p4lang: gre routing over bridge
http://sources.freertr.org/cfg/p4lang-rout059.tst;p4lang-rout059.tst;success;p4lang: gre routing over vlan bridge
http://sources.freertr.org/cfg/p4lang-rout060.tst;p4lang-rout060.tst;success;p4lang: gre mpls over ipv4
http://sources.freertr.org/cfg/p4lang-rout061.tst;p4lang-rout061.tst;success;p4lang: gre mpls over ipv6
http://sources.freertr.org/cfg/p4lang-rout062.tst;p4lang-rout062.tst;success;p4lang: gre mpls over ipv4 loopback
http://sources.freertr.org/cfg/p4lang-rout063.tst;p4lang-rout063.tst;success;p4lang: gre mpls over ipv6 loopback
http://sources.freertr.org/cfg/p4lang-rout064.tst;p4lang-rout064.tst;success;p4lang: gre mpls over vlan
http://sources.freertr.org/cfg/p4lang-rout065.tst;p4lang-rout065.tst;success;p4lang: gre mpls over bundle
http://sources.freertr.org/cfg/p4lang-rout066.tst;p4lang-rout066.tst;success;p4lang: gre mpls over bundle vlan
http://sources.freertr.org/cfg/p4lang-rout067.tst;p4lang-rout067.tst;success;p4lang: gre mpls over hairpin
http://sources.freertr.org/cfg/p4lang-rout068.tst;p4lang-rout068.tst;success;p4lang: gre mpls over hairpin vlan
http://sources.freertr.org/cfg/p4lang-rout069.tst;p4lang-rout069.tst;success;p4lang: gre mpls over bridge
http://sources.freertr.org/cfg/p4lang-rout070.tst;p4lang-rout070.tst;success;p4lang: gre mpls over vlan bridge
http://sources.freertr.org/cfg/p4lang-rout071.tst;p4lang-rout071.tst;success;p4lang: l2tp routing over ipv4
http://sources.freertr.org/cfg/p4lang-rout072.tst;p4lang-rout072.tst;success;p4lang: l2tp routing over ipv6
http://sources.freertr.org/cfg/p4lang-rout073.tst;p4lang-rout073.tst;success;p4lang: l2tp routing over ipv4 loopback
http://sources.freertr.org/cfg/p4lang-rout074.tst;p4lang-rout074.tst;success;p4lang: l2tp routing over ipv6 loopback
http://sources.freertr.org/cfg/p4lang-rout075.tst;p4lang-rout075.tst;success;p4lang: l2tp routing over vlan
http://sources.freertr.org/cfg/p4lang-rout076.tst;p4lang-rout076.tst;success;p4lang: l2tp routing over bundle
http://sources.freertr.org/cfg/p4lang-rout077.tst;p4lang-rout077.tst;success;p4lang: l2tp mpls over ipv4
http://sources.freertr.org/cfg/p4lang-rout078.tst;p4lang-rout078.tst;success;p4lang: l2tp mpls over ipv6
http://sources.freertr.org/cfg/p4lang-rout079.tst;p4lang-rout079.tst;success;p4lang: l2tp mpls over ipv4 loopback
http://sources.freertr.org/cfg/p4lang-rout080.tst;p4lang-rout080.tst;success;p4lang: l2tp mpls over ipv6 loopback
http://sources.freertr.org/cfg/p4lang-rout081.tst;p4lang-rout081.tst;success;p4lang: l2tp mpls over vlan
http://sources.freertr.org/cfg/p4lang-rout082.tst;p4lang-rout082.tst;success;p4lang: l2tp mpls over bundle
http://sources.freertr.org/cfg/p4lang-rout083.tst;p4lang-rout083.tst;success;p4lang: bridging over gre
http://sources.freertr.org/cfg/p4lang-rout084.tst;p4lang-rout084.tst;success;p4lang: bridging over gre vlan
http://sources.freertr.org/cfg/p4lang-rout085.tst;p4lang-rout085.tst;success;p4lang: bridging over pppoe
http://sources.freertr.org/cfg/p4lang-rout086.tst;p4lang-rout086.tst;success;p4lang: bridging over pppoe vlan
http://sources.freertr.org/cfg/p4lang-rout087.tst;p4lang-rout087.tst;success;p4lang: bridging over l2tp
http://sources.freertr.org/cfg/p4lang-rout088.tst;p4lang-rout088.tst;success;p4lang: bridging over l2tp vlan
http://sources.freertr.org/cfg/p4lang-rout089.tst;p4lang-rout089.tst;success;p4lang: vxlan over ipv4
http://sources.freertr.org/cfg/p4lang-rout090.tst;p4lang-rout090.tst;success;p4lang: vxlan over ipv6
http://sources.freertr.org/cfg/p4lang-rout091.tst;p4lang-rout091.tst;success;p4lang: vxlan over ipv4 loopback
http://sources.freertr.org/cfg/p4lang-rout092.tst;p4lang-rout092.tst;success;p4lang: vxlan over ipv6 loopback
http://sources.freertr.org/cfg/p4lang-rout093.tst;p4lang-rout093.tst;success;p4lang: vxlan over vlan
http://sources.freertr.org/cfg/p4lang-rout094.tst;p4lang-rout094.tst;success;p4lang: vxlan over bundle
http://sources.freertr.org/cfg/p4lang-rout095.tst;p4lang-rout095.tst;success;p4lang: evpn/vxlan with bgp
http://sources.freertr.org/cfg/p4lang-rout096.tst;p4lang-rout096.tst;success;p4lang: vlan evpn/vxlan with bgp
http://sources.freertr.org/cfg/p4lang-rout097.tst;p4lang-rout097.tst;success;p4lang: bundle vlan evpn/vxlan with bgp
http://sources.freertr.org/cfg/p4lang-rout098.tst;p4lang-rout098.tst;success;p4lang: hairpin evpn/vxlan with bgp
http://sources.freertr.org/cfg/p4lang-rout099.tst;p4lang-rout099.tst;success;p4lang: ipip routing over ipv4
http://sources.freertr.org/cfg/p4lang-rout100.tst;p4lang-rout100.tst;success;p4lang: ipip routing over ipv6
http://sources.freertr.org/cfg/p4lang-rout101.tst;p4lang-rout101.tst;success;p4lang: ipip routing over ipv4 loopback
http://sources.freertr.org/cfg/p4lang-rout102.tst;p4lang-rout102.tst;success;p4lang: ipip routing over ipv6 loopback
http://sources.freertr.org/cfg/p4lang-rout103.tst;p4lang-rout103.tst;success;p4lang: ipip routing over vlan
http://sources.freertr.org/cfg/p4lang-rout104.tst;p4lang-rout104.tst;success;p4lang: ipip routing over bundle
http://sources.freertr.org/cfg/p4lang-rout105.tst;p4lang-rout105.tst;success;p4lang: pckoudp over ipv4
http://sources.freertr.org/cfg/p4lang-rout106.tst;p4lang-rout106.tst;success;p4lang: pckoudp over ipv6
http://sources.freertr.org/cfg/p4lang-rout107.tst;p4lang-rout107.tst;success;p4lang: pckoudp over ipv4 loopback
http://sources.freertr.org/cfg/p4lang-rout108.tst;p4lang-rout108.tst;success;p4lang: pckoudp over ipv6 loopback
http://sources.freertr.org/cfg/p4lang-rout109.tst;p4lang-rout109.tst;success;p4lang: pckoudp over vlan
http://sources.freertr.org/cfg/p4lang-rout110.tst;p4lang-rout110.tst;success;p4lang: pckoudp over bundle
http://sources.freertr.org/cfg/p4lang-rout111.tst;p4lang-rout111.tst;success;p4lang: pckoudp server over ipv4
http://sources.freertr.org/cfg/p4lang-rout112.tst;p4lang-rout112.tst;success;p4lang: pckoudp server over ipv6
http://sources.freertr.org/cfg/p4lang-rout113.tst;p4lang-rout113.tst;success;p4lang: pckoudp server over ipv4 loopback
http://sources.freertr.org/cfg/p4lang-rout114.tst;p4lang-rout114.tst;success;p4lang: pckoudp server over ipv6 loopback
http://sources.freertr.org/cfg/p4lang-rout115.tst;p4lang-rout115.tst;success;p4lang: vxlan server over ipv4
http://sources.freertr.org/cfg/p4lang-rout116.tst;p4lang-rout116.tst;success;p4lang: vxlan server over ipv6
http://sources.freertr.org/cfg/p4lang-rout117.tst;p4lang-rout117.tst;success;p4lang: vxlan server over ipv4 loopback
http://sources.freertr.org/cfg/p4lang-rout118.tst;p4lang-rout118.tst;success;p4lang: vxlan server over ipv6 loopback
http://sources.freertr.org/cfg/p4lang-rout119.tst;p4lang-rout119.tst;success;p4lang: pppoe server routing
http://sources.freertr.org/cfg/p4lang-rout120.tst;p4lang-rout120.tst;success;p4lang: vlan pppoe server routing
http://sources.freertr.org/cfg/p4lang-rout121.tst;p4lang-rout121.tst;success;p4lang: pppoe server mpls
http://sources.freertr.org/cfg/p4lang-rout122.tst;p4lang-rout122.tst;success;p4lang: vlan pppoe server mpls
http://sources.freertr.org/cfg/p4lang-rout123.tst;p4lang-rout123.tst;success;p4lang: l2tp server routing
http://sources.freertr.org/cfg/p4lang-rout124.tst;p4lang-rout124.tst;success;p4lang: vlan l2tp server routing
http://sources.freertr.org/cfg/p4lang-rout125.tst;p4lang-rout125.tst;success;p4lang: l2tp server mpls
http://sources.freertr.org/cfg/p4lang-rout126.tst;p4lang-rout126.tst;success;p4lang: vlan l2tp server mpls
http://sources.freertr.org/cfg/p4lang-rout127.tst;p4lang-rout127.tst;success;p4lang: p2p ldp tail+head
http://sources.freertr.org/cfg/p4lang-rout128.tst;p4lang-rout128.tst;success;p4lang: p2p ldp mid
http://sources.freertr.org/cfg/p4lang-rout129.tst;p4lang-rout129.tst;success;p4lang: p2p te tail+head
http://sources.freertr.org/cfg/p4lang-rout130.tst;p4lang-rout130.tst;success;p4lang: p2p te mid
http://sources.freertr.org/cfg/p4lang-rout131.tst;p4lang-rout131.tst;success;p4lang: sr te over mpls tail+head
http://sources.freertr.org/cfg/p4lang-rout132.tst;p4lang-rout132.tst;success;p4lang: sr te over mpls mid
http://sources.freertr.org/cfg/p4lang-rout133.tst;p4lang-rout133.tst;success;p4lang: policy routing between vrfs
http://sources.freertr.org/cfg/p4lang-rout134.tst;p4lang-rout134.tst;success;p4lang: policy routing with nexthop
http://sources.freertr.org/cfg/p4lang-rout135.tst;p4lang-rout135.tst;success;p4lang: policy routing with interface and nexthop
http://sources.freertr.org/cfg/p4lang-rout136.tst;p4lang-rout136.tst;success;p4lang: multicast routing
http://sources.freertr.org/cfg/p4lang-rout137.tst;p4lang-rout137.tst;success;p4lang: multicast vlan routing
http://sources.freertr.org/cfg/p4lang-rout138.tst;p4lang-rout138.tst;success;p4lang: multicast bundle routing
http://sources.freertr.org/cfg/p4lang-rout139.tst;p4lang-rout139.tst;success;p4lang: multicast bundle vlan routing
http://sources.freertr.org/cfg/p4lang-rout140.tst;p4lang-rout140.tst;success;p4lang: hairpin multicast routing
http://sources.freertr.org/cfg/p4lang-rout141.tst;p4lang-rout141.tst;success;p4lang: hairpin vlan multicast routing
http://sources.freertr.org/cfg/p4lang-rout142.tst;p4lang-rout142.tst;success;p4lang: mldp core
http://sources.freertr.org/cfg/p4lang-rout143.tst;p4lang-rout143.tst;success;p4lang: mldp vlan core
http://sources.freertr.org/cfg/p4lang-rout144.tst;p4lang-rout144.tst;success;p4lang: mldp core over gre
http://sources.freertr.org/cfg/p4lang-rout145.tst;p4lang-rout145.tst;success;p4lang: mldp core over l2tp
http://sources.freertr.org/cfg/p4lang-rout146.tst;p4lang-rout146.tst;success;p4lang: mldp bundle core
http://sources.freertr.org/cfg/p4lang-rout147.tst;p4lang-rout147.tst;success;p4lang: mldp bundle vlan core
http://sources.freertr.org/cfg/p4lang-rout148.tst;p4lang-rout148.tst;success;p4lang: hairpin mldp core
http://sources.freertr.org/cfg/p4lang-rout149.tst;p4lang-rout149.tst;success;p4lang: hairpin vlan mldp core
http://sources.freertr.org/cfg/p4lang-rout150.tst;p4lang-rout150.tst;success;p4lang: mldp egress edge
http://sources.freertr.org/cfg/p4lang-rout151.tst;p4lang-rout151.tst;success;p4lang: mldp vlan egress edge
http://sources.freertr.org/cfg/p4lang-rout152.tst;p4lang-rout152.tst;success;p4lang: mldp ingress edge
http://sources.freertr.org/cfg/p4lang-rout153.tst;p4lang-rout153.tst;success;p4lang: mldp vlan ingress edge
http://sources.freertr.org/cfg/p4lang-rout154.tst;p4lang-rout154.tst;success;p4lang: mldp core and egress edge
http://sources.freertr.org/cfg/p4lang-rout155.tst;p4lang-rout155.tst;success;p4lang: vlan mldp core and egress edge
http://sources.freertr.org/cfg/p4lang-rout156.tst;p4lang-rout156.tst;success;p4lang: bier core
http://sources.freertr.org/cfg/p4lang-rout157.tst;p4lang-rout157.tst;success;p4lang: bier vlan core
http://sources.freertr.org/cfg/p4lang-rout158.tst;p4lang-rout158.tst;success;p4lang: bier core over gre
http://sources.freertr.org/cfg/p4lang-rout159.tst;p4lang-rout159.tst;success;p4lang: bier core over l2tp
http://sources.freertr.org/cfg/p4lang-rout160.tst;p4lang-rout160.tst;success;p4lang: bier bundle core
http://sources.freertr.org/cfg/p4lang-rout161.tst;p4lang-rout161.tst;success;p4lang: bier bundle vlan core
http://sources.freertr.org/cfg/p4lang-rout162.tst;p4lang-rout162.tst;success;p4lang: hairpin bier core
http://sources.freertr.org/cfg/p4lang-rout163.tst;p4lang-rout163.tst;success;p4lang: hairpin vlan bier core
http://sources.freertr.org/cfg/p4lang-rout164.tst;p4lang-rout164.tst;success;p4lang: bier egress edge
http://sources.freertr.org/cfg/p4lang-rout165.tst;p4lang-rout165.tst;success;p4lang: bier vlan egress edge
http://sources.freertr.org/cfg/p4lang-rout166.tst;p4lang-rout166.tst;success;p4lang: bier ingress edge
http://sources.freertr.org/cfg/p4lang-rout167.tst;p4lang-rout167.tst;success;p4lang: bier vlan ingress edge
http://sources.freertr.org/cfg/p4lang-rout168.tst;p4lang-rout168.tst;success;p4lang: bier core and egress edge
http://sources.freertr.org/cfg/p4lang-rout169.tst;p4lang-rout169.tst;success;p4lang: vlan bier core and egress edge
http://sources.freertr.org/cfg/p4lang-rout170.tst;p4lang-rout170.tst;success;p4lang: amt server over ipv4
http://sources.freertr.org/cfg/p4lang-rout171.tst;p4lang-rout171.tst;success;p4lang: amt server over ipv6
http://sources.freertr.org/cfg/p4lang-rout172.tst;p4lang-rout172.tst;success;p4lang: amt server over ipv4 loopback
http://sources.freertr.org/cfg/p4lang-rout173.tst;p4lang-rout173.tst;success;p4lang: amt server over ipv6 loopback
http://sources.freertr.org/cfg/p4lang-rout174.tst;p4lang-rout174.tst;success;p4lang: autoroute to sr te over mpls
http://sources.freertr.org/cfg/p4lang-rout175.tst;p4lang-rout175.tst;success;p4lang: autoroute to p2p te over mpls
http://sources.freertr.org/cfg/p4lang-rout176.tst;p4lang-rout176.tst;success;p4lang: policy routing to sr te over mpls
http://sources.freertr.org/cfg/p4lang-rout177.tst;p4lang-rout177.tst;success;p4lang: policy routing to p2p te over mpls
http://sources.freertr.org/cfg/p4lang-rout178.tst;p4lang-rout178.tst;success;p4lang: nsh
http://sources.freertr.org/cfg/p4lang-rout179.tst;p4lang-rout179.tst;success;p4lang: vlan nsh
http://sources.freertr.org/cfg/p4lang-rout180.tst;p4lang-rout180.tst;success;p4lang: polka
http://sources.freertr.org/cfg/p4lang-rout181.tst;p4lang-rout181.tst;success;p4lang: vlan polka
http://sources.freertr.org/cfg/p4lang-rout182.tst;p4lang-rout182.tst;success;p4lang: mpolka core
http://sources.freertr.org/cfg/p4lang-rout183.tst;p4lang-rout183.tst;success;p4lang: mpolka vlan core
http://sources.freertr.org/cfg/p4lang-rout184.tst;p4lang-rout184.tst;success;p4lang: mpolka edge
http://sources.freertr.org/cfg/p4lang-rout185.tst;p4lang-rout185.tst;success;p4lang: mpolka vlan edge
http://sources.freertr.org/cfg/p4lang-rout186.tst;p4lang-rout186.tst;success;p4lang: gtp server over ipv4
http://sources.freertr.org/cfg/p4lang-rout187.tst;p4lang-rout187.tst;success;p4lang: gtp server over ipv6
http://sources.freertr.org/cfg/p4lang-rout188.tst;p4lang-rout188.tst;success;p4lang: gtp server over ipv4 loopback
http://sources.freertr.org/cfg/p4lang-rout189.tst;p4lang-rout189.tst;success;p4lang: gtp server over ipv6 loopback
http://sources.freertr.org/cfg/p4lang-rout190.tst;p4lang-rout190.tst;success;p4lang: bundle mpls pop
http://sources.freertr.org/cfg/p4lang-rout191.tst;p4lang-rout191.tst;success;p4lang: bundle vlan mpls pop
http://sources.freertr.org/cfg/p4lang-rout192.tst;p4lang-rout192.tst;success;p4lang: pppoe mpls pop
http://sources.freertr.org/cfg/p4lang-rout193.tst;p4lang-rout193.tst;success;p4lang: gre mpls pop
http://sources.freertr.org/cfg/p4lang-rout194.tst;p4lang-rout194.tst;success;p4lang: l2tp mpls pop
http://sources.freertr.org/cfg/p4lang-rout195.tst;p4lang-rout195.tst;success;p4lang: bundle mpls push
http://sources.freertr.org/cfg/p4lang-rout196.tst;p4lang-rout196.tst;success;p4lang: bundle vlan mpls push
http://sources.freertr.org/cfg/p4lang-rout197.tst;p4lang-rout197.tst;success;p4lang: pppoe mpls push
http://sources.freertr.org/cfg/p4lang-rout198.tst;p4lang-rout198.tst;success;p4lang: gre mpls push
http://sources.freertr.org/cfg/p4lang-rout199.tst;p4lang-rout199.tst;success;p4lang: l2tp mpls push
http://sources.freertr.org/cfg/p4lang-rout200.tst;p4lang-rout200.tst;success;p4lang: lpm routing
http://sources.freertr.org/cfg/p4lang-rout201.tst;p4lang-rout201.tst;success;p4lang: l2vpn over bundle mpls
http://sources.freertr.org/cfg/p4lang-rout202.tst;p4lang-rout202.tst;success;p4lang: l2vpn over bundle vlan mpls
http://sources.freertr.org/cfg/p4lang-rout203.tst;p4lang-rout203.tst;success;p4lang: l2vpn over pppoe mpls
http://sources.freertr.org/cfg/p4lang-rout204.tst;p4lang-rout204.tst;success;p4lang: l2vpn over gre mpls
http://sources.freertr.org/cfg/p4lang-rout205.tst;p4lang-rout205.tst;success;p4lang: l2vpn over l2tp mpls
http://sources.freertr.org/cfg/p4lang-rout206.tst;p4lang-rout206.tst;success;p4lang: l3vpn over bundle mpls
http://sources.freertr.org/cfg/p4lang-rout207.tst;p4lang-rout207.tst;success;p4lang: l3vpn over bundle vlan mpls
http://sources.freertr.org/cfg/p4lang-rout208.tst;p4lang-rout208.tst;success;p4lang: l3vpn over pppoe mpls
http://sources.freertr.org/cfg/p4lang-rout209.tst;p4lang-rout209.tst;success;p4lang: l3vpn over gre mpls
http://sources.freertr.org/cfg/p4lang-rout210.tst;p4lang-rout210.tst;success;p4lang: l3vpn over l2tp mpls
http://sources.freertr.org/cfg/p4lang-rout211.tst;p4lang-rout211.tst;success;p4lang: routing over backplane
http://sources.freertr.org/cfg/p4lang-rout212.tst;p4lang-rout212.tst;success;p4lang: bridging over backplane
http://sources.freertr.org/cfg/p4lang-rout213.tst;p4lang-rout213.tst;success;p4lang: mpls core over backplane
http://sources.freertr.org/cfg/p4lang-rout214.tst;p4lang-rout214.tst;success;p4lang: mpls vpn over backplane
http://sources.freertr.org/cfg/p4lang-rout215.tst;p4lang-rout215.tst;success;p4lang: local connect
http://sources.freertr.org/cfg/p4lang-rout216.tst;p4lang-rout216.tst;success;p4lang: vlan local connect
http://sources.freertr.org/cfg/p4lang-rout217.tst;p4lang-rout217.tst;success;p4lang: pmtud
http://sources.freertr.org/cfg/p4lang-rout218.tst;p4lang-rout218.tst;success;p4lang: vlan pmtud
http://sources.freertr.org/cfg/p4lang-rout219.tst;p4lang-rout219.tst;success;p4lang: tcpmss
http://sources.freertr.org/cfg/p4lang-rout220.tst;p4lang-rout220.tst;success;p4lang: vlan tcpmss
http://sources.freertr.org/cfg/p4lang-rout221.tst;p4lang-rout221.tst;success;p4lang: bridge tcpmss
http://sources.freertr.org/cfg/p4lang-rout222.tst;p4lang-rout222.tst;success;p4lang: vlan bridge tcpmss
http://sources.freertr.org/cfg/p4lang-rout223.tst;p4lang-rout223.tst;success;p4lang: bridge pmtud
http://sources.freertr.org/cfg/p4lang-rout224.tst;p4lang-rout224.tst;success;p4lang: vlan bridge pmtud
http://sources.freertr.org/cfg/p4lang-rout225.tst;p4lang-rout225.tst;success;p4lang: ip ttl exceed
http://sources.freertr.org/cfg/p4lang-rout226.tst;p4lang-rout226.tst;success;p4lang: mpls ttl exceed
http://sources.freertr.org/cfg/p4lang-rout227.tst;p4lang-rout227.tst;success;p4lang: null routing
http://sources.freertr.org/cfg/p4lang-rout228.tst;p4lang-rout228.tst;success;p4lang: fib filtering with prefixlist
http://sources.freertr.org/cfg/p4lang-rout229.tst;p4lang-rout229.tst;success;p4lang: fib filtering with routemap
http://sources.freertr.org/cfg/p4lang-rout230.tst;p4lang-rout230.tst;success;p4lang: fib filtering with routepolicy
http://sources.freertr.org/cfg/p4lang-rout231.tst;p4lang-rout231.tst;success;p4lang: routing with fib compression
http://sources.freertr.org/cfg/p4lang-rout232.tst;p4lang-rout232.tst;success;p4lang: mpls with fib compression
http://sources.freertr.org/cfg/p4lang-rout233.tst;p4lang-rout233.tst;success;p4lang: l2tp3 routing over ipv4
http://sources.freertr.org/cfg/p4lang-rout234.tst;p4lang-rout234.tst;success;p4lang: l2tp3 routing over ipv6
http://sources.freertr.org/cfg/p4lang-rout235.tst;p4lang-rout235.tst;success;p4lang: l2tp3 server routing
http://sources.freertr.org/cfg/p4lang-rout236.tst;p4lang-rout236.tst;success;p4lang: vlan l2tp3 server routing
http://sources.freertr.org/cfg/p4lang-rout237.tst;p4lang-rout237.tst;success;p4lang: l2tp3 server mpls
http://sources.freertr.org/cfg/p4lang-rout238.tst;p4lang-rout238.tst;success;p4lang: vlan l2tp3 server mpls
http://sources.freertr.org/cfg/p4lang-rout239.tst;p4lang-rout239.tst;success;p4lang: mldp core over l2tp3
http://sources.freertr.org/cfg/p4lang-rout240.tst;p4lang-rout240.tst;success;p4lang: bier core over l2tp3
http://sources.freertr.org/cfg/p4lang-rout241.tst;p4lang-rout241.tst;success;p4lang: l2tp3 mpls pop
http://sources.freertr.org/cfg/p4lang-rout242.tst;p4lang-rout242.tst;success;p4lang: l2tp3 mpls push
http://sources.freertr.org/cfg/p4lang-rout243.tst;p4lang-rout243.tst;success;p4lang: l2vpn over l2tp3 mpls
http://sources.freertr.org/cfg/p4lang-rout244.tst;p4lang-rout244.tst;success;p4lang: l3vpn over l2tp3 mpls
http://sources.freertr.org/cfg/p4lang-rout245.tst;p4lang-rout245.tst;success;p4lang: l2tp3 routing over ipv4 loopback
http://sources.freertr.org/cfg/p4lang-rout246.tst;p4lang-rout246.tst;success;p4lang: l2tp3 routing over ipv6 loopback
http://sources.freertr.org/cfg/p4lang-rout247.tst;p4lang-rout247.tst;success;p4lang: l2tp3 routing over vlan
http://sources.freertr.org/cfg/p4lang-rout248.tst;p4lang-rout248.tst;success;p4lang: l2tp3 routing over bundle
http://sources.freertr.org/cfg/p4lang-rout249.tst;p4lang-rout249.tst;success;p4lang: l2tp3 mpls over ipv4
http://sources.freertr.org/cfg/p4lang-rout250.tst;p4lang-rout250.tst;success;p4lang: l2tp3 mpls over ipv6
http://sources.freertr.org/cfg/p4lang-rout251.tst;p4lang-rout251.tst;success;p4lang: l2tp3 mpls over ipv4 loopback
http://sources.freertr.org/cfg/p4lang-rout252.tst;p4lang-rout252.tst;success;p4lang: l2tp3 mpls over ipv6 loopback
http://sources.freertr.org/cfg/p4lang-rout253.tst;p4lang-rout253.tst;success;p4lang: l2tp3 mpls over vlan
http://sources.freertr.org/cfg/p4lang-rout254.tst;p4lang-rout254.tst;success;p4lang: l2tp3 mpls over bundle
http://sources.freertr.org/cfg/p4lang-rout255.tst;p4lang-rout255.tst;success;p4lang: bridging over l2tp3
http://sources.freertr.org/cfg/p4lang-rout256.tst;p4lang-rout256.tst;success;p4lang: bridging over l2tp3 vlan
http://sources.freertr.org/cfg/p4lang-rout257.tst;p4lang-rout257.tst;success;p4lang: sdwan over ipv4 with l2tp
http://sources.freertr.org/cfg/p4lang-rout258.tst;p4lang-rout258.tst;success;p4lang: sdwan over ipv6 with l2tp
http://sources.freertr.org/cfg/p4lang-rout259.tst;p4lang-rout259.tst;success;p4lang: sdwan over ipv4 with l2tp3
http://sources.freertr.org/cfg/p4lang-rout260.tst;p4lang-rout260.tst;success;p4lang: sdwan over ipv6 with l2tp3
http://sources.freertr.org/cfg/p4lang-rout261.tst;p4lang-rout261.tst;success;p4lang: sdwan over ipv4 with gre
http://sources.freertr.org/cfg/p4lang-rout262.tst;p4lang-rout262.tst;success;p4lang: sdwan over ipv6 with gre
http://sources.freertr.org/cfg/p4lang-rout263.tst;p4lang-rout263.tst;success;p4lang: sdwan over ipv4 with amt
http://sources.freertr.org/cfg/p4lang-rout264.tst;p4lang-rout264.tst;success;p4lang: sdwan over ipv6 with amt
http://sources.freertr.org/cfg/p4lang-rout265.tst;p4lang-rout265.tst;success;p4lang: sdwan over ipv4 with gtp
http://sources.freertr.org/cfg/p4lang-rout266.tst;p4lang-rout266.tst;success;p4lang: sdwan over ipv6 with gtp
http://sources.freertr.org/cfg/p4lang-rout267.tst;p4lang-rout267.tst;success;p4lang: tmux routing over ipv4
http://sources.freertr.org/cfg/p4lang-rout268.tst;p4lang-rout268.tst;success;p4lang: tmux routing over ipv6
http://sources.freertr.org/cfg/p4lang-rout269.tst;p4lang-rout269.tst;success;p4lang: tmux routing over ipv4 loopback
http://sources.freertr.org/cfg/p4lang-rout270.tst;p4lang-rout270.tst;success;p4lang: tmux routing over ipv6 loopback
http://sources.freertr.org/cfg/p4lang-rout271.tst;p4lang-rout271.tst;success;p4lang: tmux routing over vlan
http://sources.freertr.org/cfg/p4lang-rout272.tst;p4lang-rout272.tst;success;p4lang: tmux routing over bundle
http://sources.freertr.org/cfg/p4lang-rout273.tst;p4lang-rout273.tst;success;p4lang: tmux routing over bundle vlan
http://sources.freertr.org/cfg/p4lang-rout274.tst;p4lang-rout274.tst;success;p4lang: tmux routing over hairpin
http://sources.freertr.org/cfg/p4lang-rout275.tst;p4lang-rout275.tst;success;p4lang: tmux routing over hairpin vlan
http://sources.freertr.org/cfg/p4lang-rout276.tst;p4lang-rout276.tst;success;p4lang: tmux routing over bridge
http://sources.freertr.org/cfg/p4lang-rout277.tst;p4lang-rout277.tst;success;p4lang: tmux routing over vlan bridge
http://sources.freertr.org/cfg/p4lang-rout278.tst;p4lang-rout278.tst;success;p4lang: tmux mpls over ipv4
http://sources.freertr.org/cfg/p4lang-rout279.tst;p4lang-rout279.tst;success;p4lang: tmux mpls over ipv6
http://sources.freertr.org/cfg/p4lang-rout280.tst;p4lang-rout280.tst;success;p4lang: tmux mpls over ipv4 loopback
http://sources.freertr.org/cfg/p4lang-rout281.tst;p4lang-rout281.tst;success;p4lang: tmux mpls over ipv6 loopback
http://sources.freertr.org/cfg/p4lang-rout282.tst;p4lang-rout282.tst;success;p4lang: tmux mpls over vlan
http://sources.freertr.org/cfg/p4lang-rout283.tst;p4lang-rout283.tst;success;p4lang: tmux mpls over bundle
http://sources.freertr.org/cfg/p4lang-rout284.tst;p4lang-rout284.tst;success;p4lang: tmux mpls over bundle vlan
http://sources.freertr.org/cfg/p4lang-rout285.tst;p4lang-rout285.tst;success;p4lang: tmux mpls over hairpin
http://sources.freertr.org/cfg/p4lang-rout286.tst;p4lang-rout286.tst;success;p4lang: tmux mpls over hairpin vlan
http://sources.freertr.org/cfg/p4lang-rout287.tst;p4lang-rout287.tst;success;p4lang: tmux mpls over bridge
http://sources.freertr.org/cfg/p4lang-rout288.tst;p4lang-rout288.tst;success;p4lang: tmux mpls over vlan bridge
http://sources.freertr.org/cfg/p4lang-rout289.tst;p4lang-rout289.tst;success;p4lang: bridging over tmux
http://sources.freertr.org/cfg/p4lang-rout290.tst;p4lang-rout290.tst;success;p4lang: bridging over tmux vlan
http://sources.freertr.org/cfg/p4lang-rout291.tst;p4lang-rout291.tst;success;p4lang: mldp core over tmux
http://sources.freertr.org/cfg/p4lang-rout292.tst;p4lang-rout292.tst;success;p4lang: bier core over tmux
http://sources.freertr.org/cfg/p4lang-rout293.tst;p4lang-rout293.tst;success;p4lang: tmux mpls pop
http://sources.freertr.org/cfg/p4lang-rout294.tst;p4lang-rout294.tst;success;p4lang: tmux mpls push
http://sources.freertr.org/cfg/p4lang-rout295.tst;p4lang-rout295.tst;success;p4lang: l2vpn over tmux mpls
http://sources.freertr.org/cfg/p4lang-rout296.tst;p4lang-rout296.tst;success;p4lang: l3vpn over tmux mpls
http://sources.freertr.org/cfg/p4lang-rout297.tst;p4lang-rout297.tst;success;p4lang: sdwan over ipv4 with tmux
http://sources.freertr.org/cfg/p4lang-rout298.tst;p4lang-rout298.tst;success;p4lang: sdwan over ipv6 with tmux
http://sources.freertr.org/cfg/p4lang-rout299.tst;p4lang-rout299.tst;success;p4lang: etherip over ipv4
http://sources.freertr.org/cfg/p4lang-rout300.tst;p4lang-rout300.tst;success;p4lang: etherip over ipv6
http://sources.freertr.org/cfg/p4lang-rout301.tst;p4lang-rout301.tst;success;p4lang: etherip over ipv4 loopback
http://sources.freertr.org/cfg/p4lang-rout302.tst;p4lang-rout302.tst;success;p4lang: etherip over ipv6 loopback
http://sources.freertr.org/cfg/p4lang-rout303.tst;p4lang-rout303.tst;success;p4lang: etherip over vlan
http://sources.freertr.org/cfg/p4lang-rout304.tst;p4lang-rout304.tst;success;p4lang: etherip over bundle
http://sources.freertr.org/cfg/p4lang-rout305.tst;p4lang-rout305.tst;success;p4lang: etherip server over ipv4
http://sources.freertr.org/cfg/p4lang-rout306.tst;p4lang-rout306.tst;success;p4lang: etherip server over ipv6
http://sources.freertr.org/cfg/p4lang-rout307.tst;p4lang-rout307.tst;success;p4lang: etherip server over ipv4 loopback
http://sources.freertr.org/cfg/p4lang-rout308.tst;p4lang-rout308.tst;success;p4lang: etherip server over ipv6 loopback
http://sources.freertr.org/cfg/p4lang-rout309.tst;p4lang-rout309.tst;success;p4lang: gre local connect
http://sources.freertr.org/cfg/p4lang-rout310.tst;p4lang-rout310.tst;success;p4lang: gre multicast routing
http://sources.freertr.org/cfg/p4lang-rout311.tst;p4lang-rout311.tst;success;p4lang: multicast routing over backplane
http://sources.freertr.org/cfg/p4lang-rout312.tst;p4lang-rout312.tst;success;p4lang: polka over backplane
http://sources.freertr.org/cfg/p4lang-rout313.tst;p4lang-rout313.tst;success;p4lang: nsh over backplane
http://sources.freertr.org/cfg/p4lang-rout314.tst;p4lang-rout314.tst;success;p4lang: bier core over backplane
http://sources.freertr.org/cfg/p4lang-rout315.tst;p4lang-rout315.tst;success;p4lang: bier core over vlan backplane
http://sources.freertr.org/cfg/p4lang-rout316.tst;p4lang-rout316.tst;success;p4lang: qinq routing
http://sources.freertr.org/cfg/p4lang-rout317.tst;p4lang-rout317.tst;success;p4lang: qinq bridging
http://sources.freertr.org/cfg/p4lang-rout318.tst;p4lang-rout318.tst;success;p4lang: qinq mpls
http://sources.freertr.org/cfg/p4lang-rout319.tst;p4lang-rout319.tst;success;p4lang: bundle qinq routing
http://sources.freertr.org/cfg/p4lang-rout320.tst;p4lang-rout320.tst;success;p4lang: bundle qinq mpls
http://sources.freertr.org/cfg/p4lang-rout321.tst;p4lang-rout321.tst;success;p4lang: bundle qinq bridging
http://sources.freertr.org/cfg/p4lang-rout322.tst;p4lang-rout322.tst;success;p4lang: qinq bridge routing
http://sources.freertr.org/cfg/p4lang-rout323.tst;p4lang-rout323.tst;success;p4lang: qinq bridge mpls
http://sources.freertr.org/cfg/p4lang-rout324.tst;p4lang-rout324.tst;success;p4lang: qinq vpls/ldp with bgp
http://sources.freertr.org/cfg/p4lang-rout325.tst;p4lang-rout325.tst;success;p4lang: qinq eompls
http://sources.freertr.org/cfg/p4lang-rout326.tst;p4lang-rout326.tst;success;p4lang: bundle qinq vpls/ldp with bgp
http://sources.freertr.org/cfg/p4lang-rout327.tst;p4lang-rout327.tst;success;p4lang: bundle qinq eompls
http://sources.freertr.org/cfg/p4lang-rout328.tst;p4lang-rout328.tst;success;p4lang: qinq pppoe routing
http://sources.freertr.org/cfg/p4lang-rout329.tst;p4lang-rout329.tst;success;p4lang: qinq pppoe mpls
http://sources.freertr.org/cfg/p4lang-rout330.tst;p4lang-rout330.tst;success;p4lang: hairpin qinq routing
http://sources.freertr.org/cfg/p4lang-rout331.tst;p4lang-rout331.tst;success;p4lang: hairpin qinq bridging
http://sources.freertr.org/cfg/p4lang-rout332.tst;p4lang-rout332.tst;success;p4lang: hairpin qinq mpls
http://sources.freertr.org/cfg/p4lang-rout333.tst;p4lang-rout333.tst;success;p4lang: hairpin qinq pppoe routing
http://sources.freertr.org/cfg/p4lang-rout334.tst;p4lang-rout334.tst;success;p4lang: hairpin qinq vpls/ldp with bgp
http://sources.freertr.org/cfg/p4lang-rout335.tst;p4lang-rout335.tst;success;p4lang: hairpin qinq eompls
http://sources.freertr.org/cfg/p4lang-rout336.tst;p4lang-rout336.tst;success;p4lang: qinq evpn/cmac with bgp
http://sources.freertr.org/cfg/p4lang-rout337.tst;p4lang-rout337.tst;success;p4lang: bundle qinq evpn/cmac with bgp
http://sources.freertr.org/cfg/p4lang-rout338.tst;p4lang-rout338.tst;success;p4lang: hairpin qinq evpn/cmac with bgp
http://sources.freertr.org/cfg/p4lang-rout339.tst;p4lang-rout339.tst;success;p4lang: gre routing over qinq
http://sources.freertr.org/cfg/p4lang-rout340.tst;p4lang-rout340.tst;success;p4lang: gre routing over bundle qinq
http://sources.freertr.org/cfg/p4lang-rout341.tst;p4lang-rout341.tst;success;p4lang: gre routing over hairpin qinq
http://sources.freertr.org/cfg/p4lang-rout342.tst;p4lang-rout342.tst;success;p4lang: gre routing over qinq bridge
http://sources.freertr.org/cfg/p4lang-rout343.tst;p4lang-rout343.tst;success;p4lang: gre mpls over qinq
http://sources.freertr.org/cfg/p4lang-rout344.tst;p4lang-rout344.tst;success;p4lang: l2tp routing over qinq
http://sources.freertr.org/cfg/p4lang-rout345.tst;p4lang-rout345.tst;success;p4lang: l2tp mpls over qinq
http://sources.freertr.org/cfg/p4lang-rout346.tst;p4lang-rout346.tst;success;p4lang: vxlan over qinq
http://sources.freertr.org/cfg/p4lang-rout347.tst;p4lang-rout347.tst;success;p4lang: pckoudp over qinq
http://sources.freertr.org/cfg/p4lang-rout348.tst;p4lang-rout348.tst;success;p4lang: multicast qinq routing
http://sources.freertr.org/cfg/p4lang-rout349.tst;p4lang-rout349.tst;success;p4lang: multicast bundle qinq routing
http://sources.freertr.org/cfg/p4lang-rout350.tst;p4lang-rout350.tst;success;p4lang: mldp qinq core
http://sources.freertr.org/cfg/p4lang-rout351.tst;p4lang-rout351.tst;success;p4lang: mldp bundle qinq core
http://sources.freertr.org/cfg/p4lang-rout352.tst;p4lang-rout352.tst;success;p4lang: mldp qinq egress edge
http://sources.freertr.org/cfg/p4lang-rout353.tst;p4lang-rout353.tst;success;p4lang: mldp qinq ingress edge
http://sources.freertr.org/cfg/p4lang-rout354.tst;p4lang-rout354.tst;success;p4lang: bier qinq core
http://sources.freertr.org/cfg/p4lang-rout355.tst;p4lang-rout355.tst;success;p4lang: bier bundle qinq core
http://sources.freertr.org/cfg/p4lang-rout356.tst;p4lang-rout356.tst;success;p4lang: qinq nsh
http://sources.freertr.org/cfg/p4lang-rout357.tst;p4lang-rout357.tst;success;p4lang: qinq polka
http://sources.freertr.org/cfg/p4lang-rout358.tst;p4lang-rout358.tst;success;p4lang: l2vpn over bundle qinq mpls
http://sources.freertr.org/cfg/p4lang-rout359.tst;p4lang-rout359.tst;success;p4lang: l3vpn over bundle qinq mpls
http://sources.freertr.org/cfg/p4lang-rout360.tst;p4lang-rout360.tst;success;p4lang: qinq local connect
http://sources.freertr.org/cfg/p4lang-rout361.tst;p4lang-rout361.tst;success;p4lang: qinq pmtud
http://sources.freertr.org/cfg/p4lang-rout362.tst;p4lang-rout362.tst;success;p4lang: qinq tcpmss
http://sources.freertr.org/cfg/p4lang-rout363.tst;p4lang-rout363.tst;success;p4lang: qinq bridge tcpmss
http://sources.freertr.org/cfg/p4lang-rout364.tst;p4lang-rout364.tst;success;p4lang: othervpn with bgp
http://sources.freertr.org/cfg/p4lang-rout365.tst;p4lang-rout365.tst;success;p4lang: csc vpn with bgp
http://sources.freertr.org/cfg/p4lang-rout366.tst;p4lang-rout366.tst;success;p4lang: othervpn with bgp over vlan
http://sources.freertr.org/cfg/p4lang-rout367.tst;p4lang-rout367.tst;success;p4lang: csc vpn with bgp over vlan
http://sources.freertr.org/cfg/p4lang-rout368.tst;p4lang-rout368.tst;success;p4lang: othervpn with bgp over qinq
http://sources.freertr.org/cfg/p4lang-rout369.tst;p4lang-rout369.tst;success;p4lang: csc vpn with bgp over qinq
http://sources.freertr.org/cfg/p4lang-rout370.tst;p4lang-rout370.tst;success;p4lang: othervpn with bgp over backplane
http://sources.freertr.org/cfg/p4lang-rout371.tst;p4lang-rout371.tst;success;p4lang: csc vpn with bgp over backplane
http://sources.freertr.org/cfg/p4lang-rout372.tst;p4lang-rout372.tst;success;p4lang: olab with bgp
http://sources.freertr.org/cfg/p4lang-rout373.tst;p4lang-rout373.tst;success;p4lang: olab with bgp over vlan
http://sources.freertr.org/cfg/p4lang-rout374.tst;p4lang-rout374.tst;success;p4lang: olab with bgp over qinq
http://sources.freertr.org/cfg/p4lang-rout375.tst;p4lang-rout375.tst;success;p4lang: pwhe routing over ipv4
http://sources.freertr.org/cfg/p4lang-rout376.tst;p4lang-rout376.tst;success;p4lang: pwhe routing over ipv6
http://sources.freertr.org/cfg/p4lang-rout377.tst;p4lang-rout377.tst;success;p4lang: pwhe routing over vlan
http://sources.freertr.org/cfg/p4lang-rout378.tst;p4lang-rout378.tst;success;p4lang: pwhe routing over bridge
http://sources.freertr.org/cfg/p4lang-rout379.tst;p4lang-rout379.tst;success;p4lang: pwhe routing over bundle
http://sources.freertr.org/cfg/p4lang-rout380.tst;p4lang-rout380.tst;success;p4lang: pwhe routing over hairpin
http://sources.freertr.org/cfg/p4lang-rout381.tst;p4lang-rout381.tst;success;p4lang: pwhe mpls over ipv4
http://sources.freertr.org/cfg/p4lang-rout382.tst;p4lang-rout382.tst;success;p4lang: pwhe mpls over ipv6
http://sources.freertr.org/cfg/p4lang-rout383.tst;p4lang-rout383.tst;success;p4lang: pwhe mpls over vlan
http://sources.freertr.org/cfg/p4lang-rout384.tst;p4lang-rout384.tst;success;p4lang: pwhe mpls over bridge
http://sources.freertr.org/cfg/p4lang-rout385.tst;p4lang-rout385.tst;success;p4lang: pwhe mpls over bundle
http://sources.freertr.org/cfg/p4lang-rout386.tst;p4lang-rout386.tst;success;p4lang: pwhe mpls over hairpin
http://sources.freertr.org/cfg/p4lang-rout387.tst;p4lang-rout387.tst;success;p4lang: mldp core over pwhe
http://sources.freertr.org/cfg/p4lang-rout388.tst;p4lang-rout388.tst;success;p4lang: bier core over pwhe
http://sources.freertr.org/cfg/p4lang-rout389.tst;p4lang-rout389.tst;success;p4lang: pwhe mpls pop
http://sources.freertr.org/cfg/p4lang-rout390.tst;p4lang-rout390.tst;success;p4lang: pwhe mpls push
http://sources.freertr.org/cfg/p4lang-rout391.tst;p4lang-rout391.tst;success;p4lang: l2vpn over pwhe mpls
http://sources.freertr.org/cfg/p4lang-rout392.tst;p4lang-rout392.tst;success;p4lang: l3vpn over pwhe mpls
http://sources.freertr.org/cfg/p4lang-rout393.tst;p4lang-rout393.tst;success;p4lang: pwhe routing over qinq
http://sources.freertr.org/cfg/p4lang-rout394.tst;p4lang-rout394.tst;success;p4lang: pwhe mpls over qinq
http://sources.freertr.org/cfg/p4lang-rout395.tst;p4lang-rout395.tst;success;p4lang: bridge routing over backplane
http://sources.freertr.org/cfg/p4lang-rout396.tst;p4lang-rout396.tst;success;p4lang: mixed bridge routing over backplane
http://sources.freertr.org/cfg/p4lang-rout397.tst;p4lang-rout397.tst;success;p4lang: routed vpls/ldp with bgp
http://sources.freertr.org/cfg/p4lang-rout398.tst;p4lang-rout398.tst;success;p4lang: routed vlan vpls/ldp with bgp
http://sources.freertr.org/cfg/p4lang-rout399.tst;p4lang-rout399.tst;success;p4lang: routed qinq vpls/ldp with bgp
http://sources.freertr.org/cfg/p4lang-rout400.tst;p4lang-rout400.tst;success;p4lang: routed evpn/cmac with bgp
http://sources.freertr.org/cfg/p4lang-rout401.tst;p4lang-rout401.tst;success;p4lang: routed vlan evpn/cmac with bgp
http://sources.freertr.org/cfg/p4lang-rout402.tst;p4lang-rout402.tst;success;p4lang: routed qinq evpn/cmac with bgp
http://sources.freertr.org/cfg/p4lang-rout403.tst;p4lang-rout403.tst;success;p4lang: vpls/ldp over backplane
http://sources.freertr.org/cfg/p4lang-rout404.tst;p4lang-rout404.tst;success;p4lang: evpn/cmac over backplane
http://sources.freertr.org/cfg/p4lang-rout405.tst;p4lang-rout405.tst;success;p4lang: routed vpls/ldp over backplane
http://sources.freertr.org/cfg/p4lang-rout406.tst;p4lang-rout406.tst;success;p4lang: routed evpn/cmac over backplane
http://sources.freertr.org/cfg/p4lang-rout407.tst;p4lang-rout407.tst;success;p4lang: vpn mldp egress edge
http://sources.freertr.org/cfg/p4lang-rout408.tst;p4lang-rout408.tst;success;p4lang: vpn mldp ingress edge
http://sources.freertr.org/cfg/p4lang-rout409.tst;p4lang-rout409.tst;success;p4lang: vpn bier egress edge
http://sources.freertr.org/cfg/p4lang-rout410.tst;p4lang-rout410.tst;success;p4lang: vpn bier ingress edge
http://sources.freertr.org/cfg/p4lang-rout411.tst;p4lang-rout411.tst;success;p4lang: othervpn mldp egress edge
http://sources.freertr.org/cfg/p4lang-rout412.tst;p4lang-rout412.tst;success;p4lang: othervpn mldp ingress edge
http://sources.freertr.org/cfg/p4lang-rout413.tst;p4lang-rout413.tst;success;p4lang: othervpn bier egress edge
http://sources.freertr.org/cfg/p4lang-rout414.tst;p4lang-rout414.tst;success;p4lang: othervpn bier ingress edge
http://sources.freertr.org/cfg/p4lang-rout415.tst;p4lang-rout415.tst;success;p4lang: vpn mldp vlan egress edge
http://sources.freertr.org/cfg/p4lang-rout416.tst;p4lang-rout416.tst;success;p4lang: vpn mldp vlan ingress edge
http://sources.freertr.org/cfg/p4lang-rout417.tst;p4lang-rout417.tst;success;p4lang: vpn bier vlan egress edge
http://sources.freertr.org/cfg/p4lang-rout418.tst;p4lang-rout418.tst;success;p4lang: vpn bier vlan ingress edge
http://sources.freertr.org/cfg/p4lang-rout419.tst;p4lang-rout419.tst;success;p4lang: othervpn mldp vlan egress edge
http://sources.freertr.org/cfg/p4lang-rout420.tst;p4lang-rout420.tst;success;p4lang: othervpn mldp vlan ingress edge
http://sources.freertr.org/cfg/p4lang-rout421.tst;p4lang-rout421.tst;success;p4lang: othervpn bier vlan egress edge
http://sources.freertr.org/cfg/p4lang-rout422.tst;p4lang-rout422.tst;success;p4lang: othervpn bier vlan ingress edge
http://sources.freertr.org/cfg/p4lang-rout423.tst;p4lang-rout423.tst;success;p4lang: vpn mldp qinq egress edge
http://sources.freertr.org/cfg/p4lang-rout424.tst;p4lang-rout424.tst;success;p4lang: vpn mldp qinq ingress edge
http://sources.freertr.org/cfg/p4lang-rout425.tst;p4lang-rout425.tst;success;p4lang: vpn bier qinq egress edge
http://sources.freertr.org/cfg/p4lang-rout426.tst;p4lang-rout426.tst;success;p4lang: vpn bier qinq ingress edge
http://sources.freertr.org/cfg/p4lang-rout427.tst;p4lang-rout427.tst;success;p4lang: othervpn mldp qinq egress edge
http://sources.freertr.org/cfg/p4lang-rout428.tst;p4lang-rout428.tst;success;p4lang: othervpn mldp qinq ingress edge
http://sources.freertr.org/cfg/p4lang-rout429.tst;p4lang-rout429.tst;success;p4lang: othervpn bier qinq egress edge
http://sources.freertr.org/cfg/p4lang-rout430.tst;p4lang-rout430.tst;success;p4lang: othervpn bier qinq ingress edge
http://sources.freertr.org/cfg/p4lang-rout431.tst;p4lang-rout431.tst;success;p4lang: multicast bridge routing
http://sources.freertr.org/cfg/p4lang-rout432.tst;p4lang-rout432.tst;success;p4lang: multicast vlan bridge routing
http://sources.freertr.org/cfg/p4lang-rout433.tst;p4lang-rout433.tst;success;p4lang: ipip mpls over ipv4
http://sources.freertr.org/cfg/p4lang-rout434.tst;p4lang-rout434.tst;success;p4lang: ipip mpls over ipv6
http://sources.freertr.org/cfg/p4lang-rout435.tst;p4lang-rout435.tst;success;p4lang: ipip mpls over ipv4 loopback
http://sources.freertr.org/cfg/p4lang-rout436.tst;p4lang-rout436.tst;success;p4lang: ipip mpls over ipv6 loopback
http://sources.freertr.org/cfg/p4lang-rout437.tst;p4lang-rout437.tst;success;p4lang: ipip mpls over vlan
http://sources.freertr.org/cfg/p4lang-rout438.tst;p4lang-rout438.tst;success;p4lang: ipip mpls over bundle
http://sources.freertr.org/cfg/p4lang-rout439.tst;p4lang-rout439.tst;success;p4lang: ipip mpls over bundle vlan
http://sources.freertr.org/cfg/p4lang-rout440.tst;p4lang-rout440.tst;success;p4lang: ipip mpls over hairpin
http://sources.freertr.org/cfg/p4lang-rout441.tst;p4lang-rout441.tst;success;p4lang: ipip mpls over hairpin vlan
http://sources.freertr.org/cfg/p4lang-rout442.tst;p4lang-rout442.tst;success;p4lang: ipip mpls over bridge
http://sources.freertr.org/cfg/p4lang-rout443.tst;p4lang-rout443.tst;success;p4lang: ipip mpls over vlan bridge
http://sources.freertr.org/cfg/p4lang-rout444.tst;p4lang-rout444.tst;success;p4lang: bridging over ipip
http://sources.freertr.org/cfg/p4lang-rout445.tst;p4lang-rout445.tst;success;p4lang: bridging over ipip vlan
http://sources.freertr.org/cfg/p4lang-rout446.tst;p4lang-rout446.tst;success;p4lang: mldp core over ipip
http://sources.freertr.org/cfg/p4lang-rout447.tst;p4lang-rout447.tst;success;p4lang: bier core over ipip
http://sources.freertr.org/cfg/p4lang-rout448.tst;p4lang-rout448.tst;success;p4lang: ipip mpls pop
http://sources.freertr.org/cfg/p4lang-rout449.tst;p4lang-rout449.tst;success;p4lang: ipip mpls push
http://sources.freertr.org/cfg/p4lang-rout450.tst;p4lang-rout450.tst;success;p4lang: l2vpn over ipip mpls
http://sources.freertr.org/cfg/p4lang-rout451.tst;p4lang-rout451.tst;success;p4lang: l3vpn over ipip mpls
http://sources.freertr.org/cfg/p4lang-rout452.tst;p4lang-rout452.tst;success;p4lang: sdwan over ipv4 with ipip
http://sources.freertr.org/cfg/p4lang-rout453.tst;p4lang-rout453.tst;success;p4lang: sdwan over ipv6 with ipip
http://sources.freertr.org/cfg/p4lang-rout454.tst;p4lang-rout454.tst;success;p4lang: amt multicast routing
http://sources.freertr.org/cfg/p4lang-rout455.tst;p4lang-rout455.tst;success;p4lang: mgre routing over ipv4
http://sources.freertr.org/cfg/p4lang-rout456.tst;p4lang-rout456.tst;success;p4lang: mgre routing over ipv6
http://sources.freertr.org/cfg/p4lang-rout457.tst;p4lang-rout457.tst;success;p4lang: mgre routing over ipv4 loopback
http://sources.freertr.org/cfg/p4lang-rout458.tst;p4lang-rout458.tst;success;p4lang: mgre routing over ipv6 loopback
http://sources.freertr.org/cfg/p4lang-rout459.tst;p4lang-rout459.tst;success;p4lang: mgre routing over vlan
http://sources.freertr.org/cfg/p4lang-rout460.tst;p4lang-rout460.tst;success;p4lang: mgre routing over bundle
http://sources.freertr.org/cfg/p4lang-rout461.tst;p4lang-rout461.tst;success;p4lang: mgre routing over bundle vlan
http://sources.freertr.org/cfg/p4lang-rout462.tst;p4lang-rout462.tst;success;p4lang: mgre routing over hairpin
http://sources.freertr.org/cfg/p4lang-rout463.tst;p4lang-rout463.tst;success;p4lang: mgre routing over hairpin vlan
http://sources.freertr.org/cfg/p4lang-rout464.tst;p4lang-rout464.tst;success;p4lang: mgre routing over bridge
http://sources.freertr.org/cfg/p4lang-rout465.tst;p4lang-rout465.tst;success;p4lang: mgre routing over vlan bridge
http://sources.freertr.org/cfg/p4lang-rout466.tst;p4lang-rout466.tst;success;p4lang: mgre mpls over ipv4
http://sources.freertr.org/cfg/p4lang-rout467.tst;p4lang-rout467.tst;success;p4lang: mgre mpls over ipv6
http://sources.freertr.org/cfg/p4lang-rout468.tst;p4lang-rout468.tst;success;p4lang: mgre mpls over ipv4 loopback
http://sources.freertr.org/cfg/p4lang-rout469.tst;p4lang-rout469.tst;success;p4lang: mgre mpls over ipv6 loopback
http://sources.freertr.org/cfg/p4lang-rout470.tst;p4lang-rout470.tst;success;p4lang: mgre mpls over vlan
http://sources.freertr.org/cfg/p4lang-rout471.tst;p4lang-rout471.tst;success;p4lang: mgre mpls over bundle
http://sources.freertr.org/cfg/p4lang-rout472.tst;p4lang-rout472.tst;success;p4lang: mgre mpls over bundle vlan
http://sources.freertr.org/cfg/p4lang-rout473.tst;p4lang-rout473.tst;success;p4lang: mgre mpls over hairpin
http://sources.freertr.org/cfg/p4lang-rout474.tst;p4lang-rout474.tst;success;p4lang: mgre mpls over hairpin vlan
http://sources.freertr.org/cfg/p4lang-rout475.tst;p4lang-rout475.tst;success;p4lang: mgre mpls over bridge
http://sources.freertr.org/cfg/p4lang-rout476.tst;p4lang-rout476.tst;success;p4lang: mgre mpls over vlan bridge
http://sources.freertr.org/cfg/p4lang-rout477.tst;p4lang-rout477.tst;success;p4lang: bridging over mgre
http://sources.freertr.org/cfg/p4lang-rout478.tst;p4lang-rout478.tst;success;p4lang: bridging over mgre vlan
http://sources.freertr.org/cfg/p4lang-rout479.tst;p4lang-rout479.tst;success;p4lang: mldp core over mgre
http://sources.freertr.org/cfg/p4lang-rout480.tst;p4lang-rout480.tst;success;p4lang: bier core over mgre
http://sources.freertr.org/cfg/p4lang-rout481.tst;p4lang-rout481.tst;success;p4lang: mgre mpls pop
http://sources.freertr.org/cfg/p4lang-rout482.tst;p4lang-rout482.tst;success;p4lang: mgre mpls push
http://sources.freertr.org/cfg/p4lang-rout483.tst;p4lang-rout483.tst;success;p4lang: l2vpn over mgre mpls
http://sources.freertr.org/cfg/p4lang-rout484.tst;p4lang-rout484.tst;success;p4lang: l3vpn over mgre mpls
http://sources.freertr.org/cfg/p4lang-rout485.tst;p4lang-rout485.tst;success;p4lang: mgre local connect
http://sources.freertr.org/cfg/p4lang-rout486.tst;p4lang-rout486.tst;success;p4lang: mgre multicast routing
http://sources.freertr.org/cfg/p4lang-rout487.tst;p4lang-rout487.tst;success;p4lang: mgre routing over qinq
http://sources.freertr.org/cfg/p4lang-rout488.tst;p4lang-rout488.tst;success;p4lang: mgre routing over bundle qinq
http://sources.freertr.org/cfg/p4lang-rout489.tst;p4lang-rout489.tst;success;p4lang: mgre routing over hairpin qinq
http://sources.freertr.org/cfg/p4lang-rout490.tst;p4lang-rout490.tst;success;p4lang: mgre routing over qinq bridge
http://sources.freertr.org/cfg/p4lang-rout491.tst;p4lang-rout491.tst;success;p4lang: mgre mpls over qinq
http://sources.freertr.org/cfg/p4lang-rout492.tst;p4lang-rout492.tst;success;p4lang: ldp te over mpls tail+head
http://sources.freertr.org/cfg/p4lang-rout493.tst;p4lang-rout493.tst;success;p4lang: ldp te over mpls mid
http://sources.freertr.org/cfg/p4lang-rout494.tst;p4lang-rout494.tst;success;p4lang: ouni with bgp
http://sources.freertr.org/cfg/p4lang-rout495.tst;p4lang-rout495.tst;success;p4lang: ouni with bgp over vlan
